,problem,pop_size,construction,selection,combiner,mutator,replacer,iterations,run,best,time,iteration
0,heur012_n_250_m_20035,15,Vertex Construction,"Tournament Selection [f=0.5, k=2]",Converge Combiner [f=0.5],"Vertex Move Mutation [fc=0.05, fv=0.05]",Best Replacement,500,1,20777,1218825,0
1,heur012_n_250_m_20035,15,Vertex Construction,"Tournament Selection [f=0.5, k=2]",Converge Combiner [f=0.5],"Vertex Move Mutation [fc=0.05, fv=0.05]",Best Replacement,500,1,20777,1218825,1
2,heur012_n_250_m_20035,15,Vertex Construction,"Tournament Selection [f=0.5, k=2]",Converge Combiner [f=0.5],"Vertex Move Mutation [fc=0.05, fv=0.05]",Best Replacement,500,1,20777,1218825,2
3,heur012_n_250_m_20035,15,Vertex Construction,"Tournament Selection [f=0.5, k=2]",Converge Combiner [f=0.5],"Vertex Move Mutation [fc=0.05, fv=0.05]",Best Replacement,500,1,20777,1218825,3
4,heur012_n_250_m_20035,15,Vertex Construction,"Tournament Selection [f=0.5, k=2]",Converge Combiner [f=0.5],"Vertex Move Mutation [fc=0.05, fv=0.05]",Best Replacement,500,1,20777,1218825,4
5,heur012_n_250_m_20035,15,Vertex Construction,"Tournament Selection [f=0.5, k=2]",Converge Combiner [f=0.5],"Vertex Move Mutation [fc=0.05, fv=0.05]",Best Replacement,500,1,20289,1218825,5
6,heur012_n_250_m_20035,15,Vertex Construction,"Tournament Selection [f=0.5, k=2]",Converge Combiner [f=0.5],"Vertex Move Mutation [fc=0.05, fv=0.05]",Best Replacement,500,1,20289,1218825,6
7,heur012_n_250_m_20035,15,Vertex Construction,"Tournament Selection [f=0.5, k=2]",Converge Combiner [f=0.5],"Vertex Move Mutation [fc=0.05, fv=0.05]",Best Replacement,500,1,20289,1218825,7
8,heur012_n_250_m_20035,15,Vertex Construction,"Tournament Selection [f=0.5, k=2]",Converge Combiner [f=0.5],"Vertex Move Mutation [fc=0.05, fv=0.05]",Best Replacement,500,1,20289,1218825,8
9,heur012_n_250_m_20035,15,Vertex Construction,"Tournament Selection [f=0.5, k=2]",Converge Combiner [f=0.5],"Vertex Move Mutation [fc=0.05, fv=0.05]",Best Replacement,500,1,20289,1218825,9
10,heur012_n_250_m_20035,15,Vertex Construction,"Tournament Selection [f=0.5, k=2]",Converge Combiner [f=0.5],"Vertex Move Mutation [fc=0.05, fv=0.05]",Best Replacement,500,1,20289,1218825,10
11,heur012_n_250_m_20035,15,Vertex Construction,"Tournament Selection [f=0.5, k=2]",Converge Combiner [f=0.5],"Vertex Move Mutation [fc=0.05, fv=0.05]",Best Replacement,500,1,20289,1218825,11
12,heur012_n_250_m_20035,15,Vertex Construction,"Tournament Selection [f=0.5, k=2]",Converge Combiner [f=0.5],"Vertex Move Mutation [fc=0.05, fv=0.05]",Best Replacement,500,1,20289,1218825,12
13,heur012_n_250_m_20035,15,Vertex Construction,"Tournament Selection [f=0.5, k=2]",Converge Combiner [f=0.5],"Vertex Move Mutation [fc=0.05, fv=0.05]",Best Replacement,500,1,20289,1218825,13
14,heur012_n_250_m_20035,15,Vertex Construction,"Tournament Selection [f=0.5, k=2]",Converge Combiner [f=0.5],"Vertex Move Mutation [fc=0.05, fv=0.05]",Best Replacement,500,1,20289,1218825,14
15,heur012_n_250_m_20035,15,Vertex Construction,"Tournament Selection [f=0.5, k=2]",Converge Combiner [f=0.5],"Vertex Move Mutation [fc=0.05, fv=0.05]",Best Replacement,500,1,20289,1218825,15
16,heur012_n_250_m_20035,15,Vertex Construction,"Tournament Selection [f=0.5, k=2]",Converge Combiner [f=0.5],"Vertex Move Mutation [fc=0.05, fv=0.05]",Best Replacement,500,1,20289,1218825,16
17,heur012_n_250_m_20035,15,Vertex Construction,"Tournament Selection [f=0.5, k=2]",Converge Combiner [f=0.5],"Vertex Move Mutation [fc=0.05, fv=0.05]",Best Replacement,500,1,20289,1218825,17
18,heur012_n_250_m_20035,15,Vertex Construction,"Tournament Selection [f=0.5, k=2]",Converge Combiner [f=0.5],"Vertex Move Mutation [fc=0.05, fv=0.05]",Best Replacement,500,1,20289,1218825,18
19,heur012_n_250_m_20035,15,Vertex Construction,"Tournament Selection [f=0.5, k=2]",Converge Combiner [f=0.5],"Vertex Move Mutation [fc=0.05, fv=0.05]",Best Replacement,500,1,20289,1218825,19
20,heur012_n_250_m_20035,15,Vertex Construction,"Tournament Selection [f=0.5, k=2]",Converge Combiner [f=0.5],"Vertex Move Mutation [fc=0.05, fv=0.05]",Best Replacement,500,1,20289,1218825,20
21,heur012_n_250_m_20035,15,Vertex Construction,"Tournament Selection [f=0.5, k=2]",Converge Combiner [f=0.5],"Vertex Move Mutation [fc=0.05, fv=0.05]",Best Replacement,500,1,20289,1218825,21
22,heur012_n_250_m_20035,15,Vertex Construction,"Tournament Selection [f=0.5, k=2]",Converge Combiner [f=0.5],"Vertex Move Mutation [fc=0.05, fv=0.05]",Best Replacement,500,1,20289,1218825,22
23,heur012_n_250_m_20035,15,Vertex Construction,"Tournament Selection [f=0.5, k=2]",Converge Combiner [f=0.5],"Vertex Move Mutation [fc=0.05, fv=0.05]",Best Replacement,500,1,20289,1218825,23
24,heur012_n_250_m_20035,15,Vertex Construction,"Tournament Selection [f=0.5, k=2]",Converge Combiner [f=0.5],"Vertex Move Mutation [fc=0.05, fv=0.05]",Best Replacement,500,1,20289,1218825,24
25,heur012_n_250_m_20035,15,Vertex Construction,"Tournament Selection [f=0.5, k=2]",Converge Combiner [f=0.5],"Vertex Move Mutation [fc=0.05, fv=0.05]",Best Replacement,500,1,20289,1218825,25
26,heur012_n_250_m_20035,15,Vertex Construction,"Tournament Selection [f=0.5, k=2]",Converge Combiner [f=0.5],"Vertex Move Mutation [fc=0.05, fv=0.05]",Best Replacement,500,1,20289,1218825,26
27,heur012_n_250_m_20035,15,Vertex Construction,"Tournament Selection [f=0.5, k=2]",Converge Combiner [f=0.5],"Vertex Move Mutation [fc=0.05, fv=0.05]",Best Replacement,500,1,20289,1218825,27
28,heur012_n_250_m_20035,15,Vertex Construction,"Tournament Selection [f=0.5, k=2]",Converge Combiner [f=0.5],"Vertex Move Mutation [fc=0.05, fv=0.05]",Best Replacement,500,1,20289,1218825,28
29,heur012_n_250_m_20035,15,Vertex Construction,"Tournament Selection [f=0.5, k=2]",Converge Combiner [f=0.5],"Vertex Move Mutation [fc=0.05, fv=0.05]",Best Replacement,500,1,20289,1218825,29
30,heur012_n_250_m_20035,15,Vertex Construction,"Tournament Selection [f=0.5, k=2]",Converge Combiner [f=0.5],"Vertex Move Mutation [fc=0.05, fv=0.05]",Best Replacement,500,1,20286,1218825,30
31,heur012_n_250_m_20035,15,Vertex Construction,"Tournament Selection [f=0.5, k=2]",Converge Combiner [f=0.5],"Vertex Move Mutation [fc=0.05, fv=0.05]",Best Replacement,500,1,20286,1218825,31
32,heur012_n_250_m_20035,15,Vertex Construction,"Tournament Selection [f=0.5, k=2]",Converge Combiner [f=0.5],"Vertex Move Mutation [fc=0.05, fv=0.05]",Best Replacement,500,1,20192,1218825,32
33,heur012_n_250_m_20035,15,Vertex Construction,"Tournament Selection [f=0.5, k=2]",Converge Combiner [f=0.5],"Vertex Move Mutation [fc=0.05, fv=0.05]",Best Replacement,500,1,20192,1218825,33
34,heur012_n_250_m_20035,15,Vertex Construction,"Tournament Selection [f=0.5, k=2]",Converge Combiner [f=0.5],"Vertex Move Mutation [fc=0.05, fv=0.05]",Best Replacement,500,1,19907,1218825,34
35,heur012_n_250_m_20035,15,Vertex Construction,"Tournament Selection [f=0.5, k=2]",Converge Combiner [f=0.5],"Vertex Move Mutation [fc=0.05, fv=0.05]",Best Replacement,500,1,19907,1218825,35
36,heur012_n_250_m_20035,15,Vertex Construction,"Tournament Selection [f=0.5, k=2]",Converge Combiner [f=0.5],"Vertex Move Mutation [fc=0.05, fv=0.05]",Best Replacement,500,1,19899,1218825,36
37,heur012_n_250_m_20035,15,Vertex Construction,"Tournament Selection [f=0.5, k=2]",Converge Combiner [f=0.5],"Vertex Move Mutation [fc=0.05, fv=0.05]",Best Replacement,500,1,19899,1218825,37
38,heur012_n_250_m_20035,15,Vertex Construction,"Tournament Selection [f=0.5, k=2]",Converge Combiner [f=0.5],"Vertex Move Mutation [fc=0.05, fv=0.05]",Best Replacement,500,1,19899,1218825,38
39,heur012_n_250_m_20035,15,Vertex Construction,"Tournament Selection [f=0.5, k=2]",Converge Combiner [f=0.5],"Vertex Move Mutation [fc=0.05, fv=0.05]",Best Replacement,500,1,19899,1218825,39
40,heur012_n_250_m_20035,15,Vertex Construction,"Tournament Selection [f=0.5, k=2]",Converge Combiner [f=0.5],"Vertex Move Mutation [fc=0.05, fv=0.05]",Best Replacement,500,1,19899,1218825,40
41,heur012_n_250_m_20035,15,Vertex Construction,"Tournament Selection [f=0.5, k=2]",Converge Combiner [f=0.5],"Vertex Move Mutation [fc=0.05, fv=0.05]",Best Replacement,500,1,19899,1218825,41
42,heur012_n_250_m_20035,15,Vertex Construction,"Tournament Selection [f=0.5, k=2]",Converge Combiner [f=0.5],"Vertex Move Mutation [fc=0.05, fv=0.05]",Best Replacement,500,1,19899,1218825,42
43,heur012_n_250_m_20035,15,Vertex Construction,"Tournament Selection [f=0.5, k=2]",Converge Combiner [f=0.5],"Vertex Move Mutation [fc=0.05, fv=0.05]",Best Replacement,500,1,19899,1218825,43
44,heur012_n_250_m_20035,15,Vertex Construction,"Tournament Selection [f=0.5, k=2]",Converge Combiner [f=0.5],"Vertex Move Mutation [fc=0.05, fv=0.05]",Best Replacement,500,1,19899,1218825,44
45,heur012_n_250_m_20035,15,Vertex Construction,"Tournament Selection [f=0.5, k=2]",Converge Combiner [f=0.5],"Vertex Move Mutation [fc=0.05, fv=0.05]",Best Replacement,500,1,19899,1218825,45
46,heur012_n_250_m_20035,15,Vertex Construction,"Tournament Selection [f=0.5, k=2]",Converge Combiner [f=0.5],"Vertex Move Mutation [fc=0.05, fv=0.05]",Best Replacement,500,1,19899,1218825,46
47,heur012_n_250_m_20035,15,Vertex Construction,"Tournament Selection [f=0.5, k=2]",Converge Combiner [f=0.5],"Vertex Move Mutation [fc=0.05, fv=0.05]",Best Replacement,500,1,19899,1218825,47
48,heur012_n_250_m_20035,15,Vertex Construction,"Tournament Selection [f=0.5, k=2]",Converge Combiner [f=0.5],"Vertex Move Mutation [fc=0.05, fv=0.05]",Best Replacement,500,1,19899,1218825,48
49,heur012_n_250_m_20035,15,Vertex Construction,"Tournament Selection [f=0.5, k=2]",Converge Combiner [f=0.5],"Vertex Move Mutation [fc=0.05, fv=0.05]",Best Replacement,500,1,19899,1218825,49
50,heur012_n_250_m_20035,15,Vertex Construction,"Tournament Selection [f=0.5, k=2]",Converge Combiner [f=0.5],"Vertex Move Mutation [fc=0.05, fv=0.05]",Best Replacement,500,1,19899,1218825,50
51,heur012_n_250_m_20035,15,Vertex Construction,"Tournament Selection [f=0.5, k=2]",Converge Combiner [f=0.5],"Vertex Move Mutation [fc=0.05, fv=0.05]",Best Replacement,500,1,19899,1218825,51
52,heur012_n_250_m_20035,15,Vertex Construction,"Tournament Selection [f=0.5, k=2]",Converge Combiner [f=0.5],"Vertex Move Mutation [fc=0.05, fv=0.05]",Best Replacement,500,1,19899,1218825,52
53,heur012_n_250_m_20035,15,Vertex Construction,"Tournament Selection [f=0.5, k=2]",Converge Combiner [f=0.5],"Vertex Move Mutation [fc=0.05, fv=0.05]",Best Replacement,500,1,19899,1218825,53
54,heur012_n_250_m_20035,15,Vertex Construction,"Tournament Selection [f=0.5, k=2]",Converge Combiner [f=0.5],"Vertex Move Mutation [fc=0.05, fv=0.05]",Best Replacement,500,1,19899,1218825,54
55,heur012_n_250_m_20035,15,Vertex Construction,"Tournament Selection [f=0.5, k=2]",Converge Combiner [f=0.5],"Vertex Move Mutation [fc=0.05, fv=0.05]",Best Replacement,500,1,19899,1218825,55
56,heur012_n_250_m_20035,15,Vertex Construction,"Tournament Selection [f=0.5, k=2]",Converge Combiner [f=0.5],"Vertex Move Mutation [fc=0.05, fv=0.05]",Best Replacement,500,1,19899,1218825,56
57,heur012_n_250_m_20035,15,Vertex Construction,"Tournament Selection [f=0.5, k=2]",Converge Combiner [f=0.5],"Vertex Move Mutation [fc=0.05, fv=0.05]",Best Replacement,500,1,19899,1218825,57
58,heur012_n_250_m_20035,15,Vertex Construction,"Tournament Selection [f=0.5, k=2]",Converge Combiner [f=0.5],"Vertex Move Mutation [fc=0.05, fv=0.05]",Best Replacement,500,1,19899,1218825,58
59,heur012_n_250_m_20035,15,Vertex Construction,"Tournament Selection [f=0.5, k=2]",Converge Combiner [f=0.5],"Vertex Move Mutation [fc=0.05, fv=0.05]",Best Replacement,500,1,19899,1218825,59
60,heur012_n_250_m_20035,15,Vertex Construction,"Tournament Selection [f=0.5, k=2]",Converge Combiner [f=0.5],"Vertex Move Mutation [fc=0.05, fv=0.05]",Best Replacement,500,1,19899,1218825,60
61,heur012_n_250_m_20035,15,Vertex Construction,"Tournament Selection [f=0.5, k=2]",Converge Combiner [f=0.5],"Vertex Move Mutation [fc=0.05, fv=0.05]",Best Replacement,500,1,19860,1218825,61
62,heur012_n_250_m_20035,15,Vertex Construction,"Tournament Selection [f=0.5, k=2]",Converge Combiner [f=0.5],"Vertex Move Mutation [fc=0.05, fv=0.05]",Best Replacement,500,1,19860,1218825,62
63,heur012_n_250_m_20035,15,Vertex Construction,"Tournament Selection [f=0.5, k=2]",Converge Combiner [f=0.5],"Vertex Move Mutation [fc=0.05, fv=0.05]",Best Replacement,500,1,19860,1218825,63
64,heur012_n_250_m_20035,15,Vertex Construction,"Tournament Selection [f=0.5, k=2]",Converge Combiner [f=0.5],"Vertex Move Mutation [fc=0.05, fv=0.05]",Best Replacement,500,1,19860,1218825,64
65,heur012_n_250_m_20035,15,Vertex Construction,"Tournament Selection [f=0.5, k=2]",Converge Combiner [f=0.5],"Vertex Move Mutation [fc=0.05, fv=0.05]",Best Replacement,500,1,19860,1218825,65
66,heur012_n_250_m_20035,15,Vertex Construction,"Tournament Selection [f=0.5, k=2]",Converge Combiner [f=0.5],"Vertex Move Mutation [fc=0.05, fv=0.05]",Best Replacement,500,1,19860,1218825,66
67,heur012_n_250_m_20035,15,Vertex Construction,"Tournament Selection [f=0.5, k=2]",Converge Combiner [f=0.5],"Vertex Move Mutation [fc=0.05, fv=0.05]",Best Replacement,500,1,19860,1218825,67
68,heur012_n_250_m_20035,15,Vertex Construction,"Tournament Selection [f=0.5, k=2]",Converge Combiner [f=0.5],"Vertex Move Mutation [fc=0.05, fv=0.05]",Best Replacement,500,1,19860,1218825,68
69,heur012_n_250_m_20035,15,Vertex Construction,"Tournament Selection [f=0.5, k=2]",Converge Combiner [f=0.5],"Vertex Move Mutation [fc=0.05, fv=0.05]",Best Replacement,500,1,19860,1218825,69
70,heur012_n_250_m_20035,15,Vertex Construction,"Tournament Selection [f=0.5, k=2]",Converge Combiner [f=0.5],"Vertex Move Mutation [fc=0.05, fv=0.05]",Best Replacement,500,1,19860,1218825,70
71,heur012_n_250_m_20035,15,Vertex Construction,"Tournament Selection [f=0.5, k=2]",Converge Combiner [f=0.5],"Vertex Move Mutation [fc=0.05, fv=0.05]",Best Replacement,500,1,19860,1218825,71
72,heur012_n_250_m_20035,15,Vertex Construction,"Tournament Selection [f=0.5, k=2]",Converge Combiner [f=0.5],"Vertex Move Mutation [fc=0.05, fv=0.05]",Best Replacement,500,1,19860,1218825,72
73,heur012_n_250_m_20035,15,Vertex Construction,"Tournament Selection [f=0.5, k=2]",Converge Combiner [f=0.5],"Vertex Move Mutation [fc=0.05, fv=0.05]",Best Replacement,500,1,19860,1218825,73
74,heur012_n_250_m_20035,15,Vertex Construction,"Tournament Selection [f=0.5, k=2]",Converge Combiner [f=0.5],"Vertex Move Mutation [fc=0.05, fv=0.05]",Best Replacement,500,1,19860,1218825,74
75,heur012_n_250_m_20035,15,Vertex Construction,"Tournament Selection [f=0.5, k=2]",Converge Combiner [f=0.5],"Vertex Move Mutation [fc=0.05, fv=0.05]",Best Replacement,500,1,19860,1218825,75
76,heur012_n_250_m_20035,15,Vertex Construction,"Tournament Selection [f=0.5, k=2]",Converge Combiner [f=0.5],"Vertex Move Mutation [fc=0.05, fv=0.05]",Best Replacement,500,1,19860,1218825,76
77,heur012_n_250_m_20035,15,Vertex Construction,"Tournament Selection [f=0.5, k=2]",Converge Combiner [f=0.5],"Vertex Move Mutation [fc=0.05, fv=0.05]",Best Replacement,500,1,19860,1218825,77
78,heur012_n_250_m_20035,15,Vertex Construction,"Tournament Selection [f=0.5, k=2]",Converge Combiner [f=0.5],"Vertex Move Mutation [fc=0.05, fv=0.05]",Best Replacement,500,1,19860,1218825,78
79,heur012_n_250_m_20035,15,Vertex Construction,"Tournament Selection [f=0.5, k=2]",Converge Combiner [f=0.5],"Vertex Move Mutation [fc=0.05, fv=0.05]",Best Replacement,500,1,19860,1218825,79
80,heur012_n_250_m_20035,15,Vertex Construction,"Tournament Selection [f=0.5, k=2]",Converge Combiner [f=0.5],"Vertex Move Mutation [fc=0.05, fv=0.05]",Best Replacement,500,1,19860,1218825,80
81,heur012_n_250_m_20035,15,Vertex Construction,"Tournament Selection [f=0.5, k=2]",Converge Combiner [f=0.5],"Vertex Move Mutation [fc=0.05, fv=0.05]",Best Replacement,500,1,19860,1218825,81
82,heur012_n_250_m_20035,15,Vertex Construction,"Tournament Selection [f=0.5, k=2]",Converge Combiner [f=0.5],"Vertex Move Mutation [fc=0.05, fv=0.05]",Best Replacement,500,1,19860,1218825,82
83,heur012_n_250_m_20035,15,Vertex Construction,"Tournament Selection [f=0.5, k=2]",Converge Combiner [f=0.5],"Vertex Move Mutation [fc=0.05, fv=0.05]",Best Replacement,500,1,19860,1218825,83
84,heur012_n_250_m_20035,15,Vertex Construction,"Tournament Selection [f=0.5, k=2]",Converge Combiner [f=0.5],"Vertex Move Mutation [fc=0.05, fv=0.05]",Best Replacement,500,1,19860,1218825,84
85,heur012_n_250_m_20035,15,Vertex Construction,"Tournament Selection [f=0.5, k=2]",Converge Combiner [f=0.5],"Vertex Move Mutation [fc=0.05, fv=0.05]",Best Replacement,500,1,19860,1218825,85
86,heur012_n_250_m_20035,15,Vertex Construction,"Tournament Selection [f=0.5, k=2]",Converge Combiner [f=0.5],"Vertex Move Mutation [fc=0.05, fv=0.05]",Best Replacement,500,1,19860,1218825,86
87,heur012_n_250_m_20035,15,Vertex Construction,"Tournament Selection [f=0.5, k=2]",Converge Combiner [f=0.5],"Vertex Move Mutation [fc=0.05, fv=0.05]",Best Replacement,500,1,19860,1218825,87
88,heur012_n_250_m_20035,15,Vertex Construction,"Tournament Selection [f=0.5, k=2]",Converge Combiner [f=0.5],"Vertex Move Mutation [fc=0.05, fv=0.05]",Best Replacement,500,1,19860,1218825,88
89,heur012_n_250_m_20035,15,Vertex Construction,"Tournament Selection [f=0.5, k=2]",Converge Combiner [f=0.5],"Vertex Move Mutation [fc=0.05, fv=0.05]",Best Replacement,500,1,19860,1218825,89
90,heur012_n_250_m_20035,15,Vertex Construction,"Tournament Selection [f=0.5, k=2]",Converge Combiner [f=0.5],"Vertex Move Mutation [fc=0.05, fv=0.05]",Best Replacement,500,1,19860,1218825,90
91,heur012_n_250_m_20035,15,Vertex Construction,"Tournament Selection [f=0.5, k=2]",Converge Combiner [f=0.5],"Vertex Move Mutation [fc=0.05, fv=0.05]",Best Replacement,500,1,19860,1218825,91
92,heur012_n_250_m_20035,15,Vertex Construction,"Tournament Selection [f=0.5, k=2]",Converge Combiner [f=0.5],"Vertex Move Mutation [fc=0.05, fv=0.05]",Best Replacement,500,1,19860,1218825,92
93,heur012_n_250_m_20035,15,Vertex Construction,"Tournament Selection [f=0.5, k=2]",Converge Combiner [f=0.5],"Vertex Move Mutation [fc=0.05, fv=0.05]",Best Replacement,500,1,19860,1218825,93
94,heur012_n_250_m_20035,15,Vertex Construction,"Tournament Selection [f=0.5, k=2]",Converge Combiner [f=0.5],"Vertex Move Mutation [fc=0.05, fv=0.05]",Best Replacement,500,1,19860,1218825,94
95,heur012_n_250_m_20035,15,Vertex Construction,"Tournament Selection [f=0.5, k=2]",Converge Combiner [f=0.5],"Vertex Move Mutation [fc=0.05, fv=0.05]",Best Replacement,500,1,19860,1218825,95
96,heur012_n_250_m_20035,15,Vertex Construction,"Tournament Selection [f=0.5, k=2]",Converge Combiner [f=0.5],"Vertex Move Mutation [fc=0.05, fv=0.05]",Best Replacement,500,1,19860,1218825,96
97,heur012_n_250_m_20035,15,Vertex Construction,"Tournament Selection [f=0.5, k=2]",Converge Combiner [f=0.5],"Vertex Move Mutation [fc=0.05, fv=0.05]",Best Replacement,500,1,19860,1218825,97
98,heur012_n_250_m_20035,15,Vertex Construction,"Tournament Selection [f=0.5, k=2]",Converge Combiner [f=0.5],"Vertex Move Mutation [fc=0.05, fv=0.05]",Best Replacement,500,1,19860,1218825,98
99,heur012_n_250_m_20035,15,Vertex Construction,"Tournament Selection [f=0.5, k=2]",Converge Combiner [f=0.5],"Vertex Move Mutation [fc=0.05, fv=0.05]",Best Replacement,500,1,19860,1218825,99
100,heur012_n_250_m_20035,15,Vertex Construction,"Tournament Selection [f=0.5, k=2]",Converge Combiner [f=0.5],"Vertex Move Mutation [fc=0.05, fv=0.05]",Best Replacement,500,1,19860,1218825,100
101,heur012_n_250_m_20035,15,Vertex Construction,"Tournament Selection [f=0.5, k=2]",Converge Combiner [f=0.5],"Vertex Move Mutation [fc=0.05, fv=0.05]",Best Replacement,500,1,19860,1218825,101
102,heur012_n_250_m_20035,15,Vertex Construction,"Tournament Selection [f=0.5, k=2]",Converge Combiner [f=0.5],"Vertex Move Mutation [fc=0.05, fv=0.05]",Best Replacement,500,1,19860,1218825,102
103,heur012_n_250_m_20035,15,Vertex Construction,"Tournament Selection [f=0.5, k=2]",Converge Combiner [f=0.5],"Vertex Move Mutation [fc=0.05, fv=0.05]",Best Replacement,500,1,19860,1218825,103
104,heur012_n_250_m_20035,15,Vertex Construction,"Tournament Selection [f=0.5, k=2]",Converge Combiner [f=0.5],"Vertex Move Mutation [fc=0.05, fv=0.05]",Best Replacement,500,1,19860,1218825,104
105,heur012_n_250_m_20035,15,Vertex Construction,"Tournament Selection [f=0.5, k=2]",Converge Combiner [f=0.5],"Vertex Move Mutation [fc=0.05, fv=0.05]",Best Replacement,500,1,19860,1218825,105
106,heur012_n_250_m_20035,15,Vertex Construction,"Tournament Selection [f=0.5, k=2]",Converge Combiner [f=0.5],"Vertex Move Mutation [fc=0.05, fv=0.05]",Best Replacement,500,1,19860,1218825,106
107,heur012_n_250_m_20035,15,Vertex Construction,"Tournament Selection [f=0.5, k=2]",Converge Combiner [f=0.5],"Vertex Move Mutation [fc=0.05, fv=0.05]",Best Replacement,500,1,19860,1218825,107
108,heur012_n_250_m_20035,15,Vertex Construction,"Tournament Selection [f=0.5, k=2]",Converge Combiner [f=0.5],"Vertex Move Mutation [fc=0.05, fv=0.05]",Best Replacement,500,1,19860,1218825,108
109,heur012_n_250_m_20035,15,Vertex Construction,"Tournament Selection [f=0.5, k=2]",Converge Combiner [f=0.5],"Vertex Move Mutation [fc=0.05, fv=0.05]",Best Replacement,500,1,19860,1218825,109
110,heur012_n_250_m_20035,15,Vertex Construction,"Tournament Selection [f=0.5, k=2]",Converge Combiner [f=0.5],"Vertex Move Mutation [fc=0.05, fv=0.05]",Best Replacement,500,1,19860,1218825,110
111,heur012_n_250_m_20035,15,Vertex Construction,"Tournament Selection [f=0.5, k=2]",Converge Combiner [f=0.5],"Vertex Move Mutation [fc=0.05, fv=0.05]",Best Replacement,500,1,19860,1218825,111
112,heur012_n_250_m_20035,15,Vertex Construction,"Tournament Selection [f=0.5, k=2]",Converge Combiner [f=0.5],"Vertex Move Mutation [fc=0.05, fv=0.05]",Best Replacement,500,1,19860,1218825,112
113,heur012_n_250_m_20035,15,Vertex Construction,"Tournament Selection [f=0.5, k=2]",Converge Combiner [f=0.5],"Vertex Move Mutation [fc=0.05, fv=0.05]",Best Replacement,500,1,19860,1218825,113
114,heur012_n_250_m_20035,15,Vertex Construction,"Tournament Selection [f=0.5, k=2]",Converge Combiner [f=0.5],"Vertex Move Mutation [fc=0.05, fv=0.05]",Best Replacement,500,1,19860,1218825,114
115,heur012_n_250_m_20035,15,Vertex Construction,"Tournament Selection [f=0.5, k=2]",Converge Combiner [f=0.5],"Vertex Move Mutation [fc=0.05, fv=0.05]",Best Replacement,500,1,19860,1218825,115
116,heur012_n_250_m_20035,15,Vertex Construction,"Tournament Selection [f=0.5, k=2]",Converge Combiner [f=0.5],"Vertex Move Mutation [fc=0.05, fv=0.05]",Best Replacement,500,1,19860,1218825,116
117,heur012_n_250_m_20035,15,Vertex Construction,"Tournament Selection [f=0.5, k=2]",Converge Combiner [f=0.5],"Vertex Move Mutation [fc=0.05, fv=0.05]",Best Replacement,500,1,19860,1218825,117
118,heur012_n_250_m_20035,15,Vertex Construction,"Tournament Selection [f=0.5, k=2]",Converge Combiner [f=0.5],"Vertex Move Mutation [fc=0.05, fv=0.05]",Best Replacement,500,1,19860,1218825,118
119,heur012_n_250_m_20035,15,Vertex Construction,"Tournament Selection [f=0.5, k=2]",Converge Combiner [f=0.5],"Vertex Move Mutation [fc=0.05, fv=0.05]",Best Replacement,500,1,19860,1218825,119
120,heur012_n_250_m_20035,15,Vertex Construction,"Tournament Selection [f=0.5, k=2]",Converge Combiner [f=0.5],"Vertex Move Mutation [fc=0.05, fv=0.05]",Best Replacement,500,1,19860,1218825,120
121,heur012_n_250_m_20035,15,Vertex Construction,"Tournament Selection [f=0.5, k=2]",Converge Combiner [f=0.5],"Vertex Move Mutation [fc=0.05, fv=0.05]",Best Replacement,500,1,19860,1218825,121
122,heur012_n_250_m_20035,15,Vertex Construction,"Tournament Selection [f=0.5, k=2]",Converge Combiner [f=0.5],"Vertex Move Mutation [fc=0.05, fv=0.05]",Best Replacement,500,1,19860,1218825,122
123,heur012_n_250_m_20035,15,Vertex Construction,"Tournament Selection [f=0.5, k=2]",Converge Combiner [f=0.5],"Vertex Move Mutation [fc=0.05, fv=0.05]",Best Replacement,500,1,19860,1218825,123
124,heur012_n_250_m_20035,15,Vertex Construction,"Tournament Selection [f=0.5, k=2]",Converge Combiner [f=0.5],"Vertex Move Mutation [fc=0.05, fv=0.05]",Best Replacement,500,1,19860,1218825,124
125,heur012_n_250_m_20035,15,Vertex Construction,"Tournament Selection [f=0.5, k=2]",Converge Combiner [f=0.5],"Vertex Move Mutation [fc=0.05, fv=0.05]",Best Replacement,500,1,19860,1218825,125
126,heur012_n_250_m_20035,15,Vertex Construction,"Tournament Selection [f=0.5, k=2]",Converge Combiner [f=0.5],"Vertex Move Mutation [fc=0.05, fv=0.05]",Best Replacement,500,1,19860,1218825,126
127,heur012_n_250_m_20035,15,Vertex Construction,"Tournament Selection [f=0.5, k=2]",Converge Combiner [f=0.5],"Vertex Move Mutation [fc=0.05, fv=0.05]",Best Replacement,500,1,19860,1218825,127
128,heur012_n_250_m_20035,15,Vertex Construction,"Tournament Selection [f=0.5, k=2]",Converge Combiner [f=0.5],"Vertex Move Mutation [fc=0.05, fv=0.05]",Best Replacement,500,1,19860,1218825,128
129,heur012_n_250_m_20035,15,Vertex Construction,"Tournament Selection [f=0.5, k=2]",Converge Combiner [f=0.5],"Vertex Move Mutation [fc=0.05, fv=0.05]",Best Replacement,500,1,19860,1218825,129
130,heur012_n_250_m_20035,15,Vertex Construction,"Tournament Selection [f=0.5, k=2]",Converge Combiner [f=0.5],"Vertex Move Mutation [fc=0.05, fv=0.05]",Best Replacement,500,1,19860,1218825,130
131,heur012_n_250_m_20035,15,Vertex Construction,"Tournament Selection [f=0.5, k=2]",Converge Combiner [f=0.5],"Vertex Move Mutation [fc=0.05, fv=0.05]",Best Replacement,500,1,19860,1218825,131
132,heur012_n_250_m_20035,15,Vertex Construction,"Tournament Selection [f=0.5, k=2]",Converge Combiner [f=0.5],"Vertex Move Mutation [fc=0.05, fv=0.05]",Best Replacement,500,1,19860,1218825,132
133,heur012_n_250_m_20035,15,Vertex Construction,"Tournament Selection [f=0.5, k=2]",Converge Combiner [f=0.5],"Vertex Move Mutation [fc=0.05, fv=0.05]",Best Replacement,500,1,19860,1218825,133
134,heur012_n_250_m_20035,15,Vertex Construction,"Tournament Selection [f=0.5, k=2]",Converge Combiner [f=0.5],"Vertex Move Mutation [fc=0.05, fv=0.05]",Best Replacement,500,1,19860,1218825,134
135,heur012_n_250_m_20035,15,Vertex Construction,"Tournament Selection [f=0.5, k=2]",Converge Combiner [f=0.5],"Vertex Move Mutation [fc=0.05, fv=0.05]",Best Replacement,500,1,19860,1218825,135
136,heur012_n_250_m_20035,15,Vertex Construction,"Tournament Selection [f=0.5, k=2]",Converge Combiner [f=0.5],"Vertex Move Mutation [fc=0.05, fv=0.05]",Best Replacement,500,1,19860,1218825,136
137,heur012_n_250_m_20035,15,Vertex Construction,"Tournament Selection [f=0.5, k=2]",Converge Combiner [f=0.5],"Vertex Move Mutation [fc=0.05, fv=0.05]",Best Replacement,500,1,19860,1218825,137
138,heur012_n_250_m_20035,15,Vertex Construction,"Tournament Selection [f=0.5, k=2]",Converge Combiner [f=0.5],"Vertex Move Mutation [fc=0.05, fv=0.05]",Best Replacement,500,1,19860,1218825,138
139,heur012_n_250_m_20035,15,Vertex Construction,"Tournament Selection [f=0.5, k=2]",Converge Combiner [f=0.5],"Vertex Move Mutation [fc=0.05, fv=0.05]",Best Replacement,500,1,19860,1218825,139
140,heur012_n_250_m_20035,15,Vertex Construction,"Tournament Selection [f=0.5, k=2]",Converge Combiner [f=0.5],"Vertex Move Mutation [fc=0.05, fv=0.05]",Best Replacement,500,1,19860,1218825,140
141,heur012_n_250_m_20035,15,Vertex Construction,"Tournament Selection [f=0.5, k=2]",Converge Combiner [f=0.5],"Vertex Move Mutation [fc=0.05, fv=0.05]",Best Replacement,500,1,19860,1218825,141
142,heur012_n_250_m_20035,15,Vertex Construction,"Tournament Selection [f=0.5, k=2]",Converge Combiner [f=0.5],"Vertex Move Mutation [fc=0.05, fv=0.05]",Best Replacement,500,1,19860,1218825,142
143,heur012_n_250_m_20035,15,Vertex Construction,"Tournament Selection [f=0.5, k=2]",Converge Combiner [f=0.5],"Vertex Move Mutation [fc=0.05, fv=0.05]",Best Replacement,500,1,19860,1218825,143
144,heur012_n_250_m_20035,15,Vertex Construction,"Tournament Selection [f=0.5, k=2]",Converge Combiner [f=0.5],"Vertex Move Mutation [fc=0.05, fv=0.05]",Best Replacement,500,1,19860,1218825,144
145,heur012_n_250_m_20035,15,Vertex Construction,"Tournament Selection [f=0.5, k=2]",Converge Combiner [f=0.5],"Vertex Move Mutation [fc=0.05, fv=0.05]",Best Replacement,500,1,19860,1218825,145
146,heur012_n_250_m_20035,15,Vertex Construction,"Tournament Selection [f=0.5, k=2]",Converge Combiner [f=0.5],"Vertex Move Mutation [fc=0.05, fv=0.05]",Best Replacement,500,1,19860,1218825,146
147,heur012_n_250_m_20035,15,Vertex Construction,"Tournament Selection [f=0.5, k=2]",Converge Combiner [f=0.5],"Vertex Move Mutation [fc=0.05, fv=0.05]",Best Replacement,500,1,19860,1218825,147
148,heur012_n_250_m_20035,15,Vertex Construction,"Tournament Selection [f=0.5, k=2]",Converge Combiner [f=0.5],"Vertex Move Mutation [fc=0.05, fv=0.05]",Best Replacement,500,1,19860,1218825,148
149,heur012_n_250_m_20035,15,Vertex Construction,"Tournament Selection [f=0.5, k=2]",Converge Combiner [f=0.5],"Vertex Move Mutation [fc=0.05, fv=0.05]",Best Replacement,500,1,19860,1218825,149
150,heur012_n_250_m_20035,15,Vertex Construction,"Tournament Selection [f=0.5, k=2]",Converge Combiner [f=0.5],"Vertex Move Mutation [fc=0.05, fv=0.05]",Best Replacement,500,1,19860,1218825,150
151,heur012_n_250_m_20035,15,Vertex Construction,"Tournament Selection [f=0.5, k=2]",Converge Combiner [f=0.5],"Vertex Move Mutation [fc=0.05, fv=0.05]",Best Replacement,500,1,19860,1218825,151
152,heur012_n_250_m_20035,15,Vertex Construction,"Tournament Selection [f=0.5, k=2]",Converge Combiner [f=0.5],"Vertex Move Mutation [fc=0.05, fv=0.05]",Best Replacement,500,1,19860,1218825,152
153,heur012_n_250_m_20035,15,Vertex Construction,"Tournament Selection [f=0.5, k=2]",Converge Combiner [f=0.5],"Vertex Move Mutation [fc=0.05, fv=0.05]",Best Replacement,500,1,19860,1218825,153
154,heur012_n_250_m_20035,15,Vertex Construction,"Tournament Selection [f=0.5, k=2]",Converge Combiner [f=0.5],"Vertex Move Mutation [fc=0.05, fv=0.05]",Best Replacement,500,1,19860,1218825,154
155,heur012_n_250_m_20035,15,Vertex Construction,"Tournament Selection [f=0.5, k=2]",Converge Combiner [f=0.5],"Vertex Move Mutation [fc=0.05, fv=0.05]",Best Replacement,500,1,19860,1218825,155
156,heur012_n_250_m_20035,15,Vertex Construction,"Tournament Selection [f=0.5, k=2]",Converge Combiner [f=0.5],"Vertex Move Mutation [fc=0.05, fv=0.05]",Best Replacement,500,1,19860,1218825,156
157,heur012_n_250_m_20035,15,Vertex Construction,"Tournament Selection [f=0.5, k=2]",Converge Combiner [f=0.5],"Vertex Move Mutation [fc=0.05, fv=0.05]",Best Replacement,500,1,19860,1218825,157
158,heur012_n_250_m_20035,15,Vertex Construction,"Tournament Selection [f=0.5, k=2]",Converge Combiner [f=0.5],"Vertex Move Mutation [fc=0.05, fv=0.05]",Best Replacement,500,1,19860,1218825,158
159,heur012_n_250_m_20035,15,Vertex Construction,"Tournament Selection [f=0.5, k=2]",Converge Combiner [f=0.5],"Vertex Move Mutation [fc=0.05, fv=0.05]",Best Replacement,500,1,19860,1218825,159
160,heur012_n_250_m_20035,15,Vertex Construction,"Tournament Selection [f=0.5, k=2]",Converge Combiner [f=0.5],"Vertex Move Mutation [fc=0.05, fv=0.05]",Best Replacement,500,1,19860,1218825,160
161,heur012_n_250_m_20035,15,Vertex Construction,"Tournament Selection [f=0.5, k=2]",Converge Combiner [f=0.5],"Vertex Move Mutation [fc=0.05, fv=0.05]",Best Replacement,500,1,19860,1218825,161
162,heur012_n_250_m_20035,15,Vertex Construction,"Tournament Selection [f=0.5, k=2]",Converge Combiner [f=0.5],"Vertex Move Mutation [fc=0.05, fv=0.05]",Best Replacement,500,1,19860,1218825,162
163,heur012_n_250_m_20035,15,Vertex Construction,"Tournament Selection [f=0.5, k=2]",Converge Combiner [f=0.5],"Vertex Move Mutation [fc=0.05, fv=0.05]",Best Replacement,500,1,19860,1218825,163
164,heur012_n_250_m_20035,15,Vertex Construction,"Tournament Selection [f=0.5, k=2]",Converge Combiner [f=0.5],"Vertex Move Mutation [fc=0.05, fv=0.05]",Best Replacement,500,1,19860,1218825,164
165,heur012_n_250_m_20035,15,Vertex Construction,"Tournament Selection [f=0.5, k=2]",Converge Combiner [f=0.5],"Vertex Move Mutation [fc=0.05, fv=0.05]",Best Replacement,500,1,19860,1218825,165
166,heur012_n_250_m_20035,15,Vertex Construction,"Tournament Selection [f=0.5, k=2]",Converge Combiner [f=0.5],"Vertex Move Mutation [fc=0.05, fv=0.05]",Best Replacement,500,1,19860,1218825,166
167,heur012_n_250_m_20035,15,Vertex Construction,"Tournament Selection [f=0.5, k=2]",Converge Combiner [f=0.5],"Vertex Move Mutation [fc=0.05, fv=0.05]",Best Replacement,500,1,19860,1218825,167
168,heur012_n_250_m_20035,15,Vertex Construction,"Tournament Selection [f=0.5, k=2]",Converge Combiner [f=0.5],"Vertex Move Mutation [fc=0.05, fv=0.05]",Best Replacement,500,1,19860,1218825,168
169,heur012_n_250_m_20035,15,Vertex Construction,"Tournament Selection [f=0.5, k=2]",Converge Combiner [f=0.5],"Vertex Move Mutation [fc=0.05, fv=0.05]",Best Replacement,500,1,19860,1218825,169
170,heur012_n_250_m_20035,15,Vertex Construction,"Tournament Selection [f=0.5, k=2]",Converge Combiner [f=0.5],"Vertex Move Mutation [fc=0.05, fv=0.05]",Best Replacement,500,1,19860,1218825,170
171,heur012_n_250_m_20035,15,Vertex Construction,"Tournament Selection [f=0.5, k=2]",Converge Combiner [f=0.5],"Vertex Move Mutation [fc=0.05, fv=0.05]",Best Replacement,500,1,19860,1218825,171
172,heur012_n_250_m_20035,15,Vertex Construction,"Tournament Selection [f=0.5, k=2]",Converge Combiner [f=0.5],"Vertex Move Mutation [fc=0.05, fv=0.05]",Best Replacement,500,1,19860,1218825,172
173,heur012_n_250_m_20035,15,Vertex Construction,"Tournament Selection [f=0.5, k=2]",Converge Combiner [f=0.5],"Vertex Move Mutation [fc=0.05, fv=0.05]",Best Replacement,500,1,19860,1218825,173
174,heur012_n_250_m_20035,15,Vertex Construction,"Tournament Selection [f=0.5, k=2]",Converge Combiner [f=0.5],"Vertex Move Mutation [fc=0.05, fv=0.05]",Best Replacement,500,1,19860,1218825,174
175,heur012_n_250_m_20035,15,Vertex Construction,"Tournament Selection [f=0.5, k=2]",Converge Combiner [f=0.5],"Vertex Move Mutation [fc=0.05, fv=0.05]",Best Replacement,500,1,19860,1218825,175
176,heur012_n_250_m_20035,15,Vertex Construction,"Tournament Selection [f=0.5, k=2]",Converge Combiner [f=0.5],"Vertex Move Mutation [fc=0.05, fv=0.05]",Best Replacement,500,1,19860,1218825,176
177,heur012_n_250_m_20035,15,Vertex Construction,"Tournament Selection [f=0.5, k=2]",Converge Combiner [f=0.5],"Vertex Move Mutation [fc=0.05, fv=0.05]",Best Replacement,500,1,19860,1218825,177
178,heur012_n_250_m_20035,15,Vertex Construction,"Tournament Selection [f=0.5, k=2]",Converge Combiner [f=0.5],"Vertex Move Mutation [fc=0.05, fv=0.05]",Best Replacement,500,1,19860,1218825,178
179,heur012_n_250_m_20035,15,Vertex Construction,"Tournament Selection [f=0.5, k=2]",Converge Combiner [f=0.5],"Vertex Move Mutation [fc=0.05, fv=0.05]",Best Replacement,500,1,19860,1218825,179
180,heur012_n_250_m_20035,15,Vertex Construction,"Tournament Selection [f=0.5, k=2]",Converge Combiner [f=0.5],"Vertex Move Mutation [fc=0.05, fv=0.05]",Best Replacement,500,1,19860,1218825,180
181,heur012_n_250_m_20035,15,Vertex Construction,"Tournament Selection [f=0.5, k=2]",Converge Combiner [f=0.5],"Vertex Move Mutation [fc=0.05, fv=0.05]",Best Replacement,500,1,19860,1218825,181
182,heur012_n_250_m_20035,15,Vertex Construction,"Tournament Selection [f=0.5, k=2]",Converge Combiner [f=0.5],"Vertex Move Mutation [fc=0.05, fv=0.05]",Best Replacement,500,1,19860,1218825,182
183,heur012_n_250_m_20035,15,Vertex Construction,"Tournament Selection [f=0.5, k=2]",Converge Combiner [f=0.5],"Vertex Move Mutation [fc=0.05, fv=0.05]",Best Replacement,500,1,19860,1218825,183
184,heur012_n_250_m_20035,15,Vertex Construction,"Tournament Selection [f=0.5, k=2]",Converge Combiner [f=0.5],"Vertex Move Mutation [fc=0.05, fv=0.05]",Best Replacement,500,1,19860,1218825,184
185,heur012_n_250_m_20035,15,Vertex Construction,"Tournament Selection [f=0.5, k=2]",Converge Combiner [f=0.5],"Vertex Move Mutation [fc=0.05, fv=0.05]",Best Replacement,500,1,19860,1218825,185
186,heur012_n_250_m_20035,15,Vertex Construction,"Tournament Selection [f=0.5, k=2]",Converge Combiner [f=0.5],"Vertex Move Mutation [fc=0.05, fv=0.05]",Best Replacement,500,1,19860,1218825,186
187,heur012_n_250_m_20035,15,Vertex Construction,"Tournament Selection [f=0.5, k=2]",Converge Combiner [f=0.5],"Vertex Move Mutation [fc=0.05, fv=0.05]",Best Replacement,500,1,19860,1218825,187
188,heur012_n_250_m_20035,15,Vertex Construction,"Tournament Selection [f=0.5, k=2]",Converge Combiner [f=0.5],"Vertex Move Mutation [fc=0.05, fv=0.05]",Best Replacement,500,1,19860,1218825,188
189,heur012_n_250_m_20035,15,Vertex Construction,"Tournament Selection [f=0.5, k=2]",Converge Combiner [f=0.5],"Vertex Move Mutation [fc=0.05, fv=0.05]",Best Replacement,500,1,19860,1218825,189
190,heur012_n_250_m_20035,15,Vertex Construction,"Tournament Selection [f=0.5, k=2]",Converge Combiner [f=0.5],"Vertex Move Mutation [fc=0.05, fv=0.05]",Best Replacement,500,1,19860,1218825,190
191,heur012_n_250_m_20035,15,Vertex Construction,"Tournament Selection [f=0.5, k=2]",Converge Combiner [f=0.5],"Vertex Move Mutation [fc=0.05, fv=0.05]",Best Replacement,500,1,19860,1218825,191
192,heur012_n_250_m_20035,15,Vertex Construction,"Tournament Selection [f=0.5, k=2]",Converge Combiner [f=0.5],"Vertex Move Mutation [fc=0.05, fv=0.05]",Best Replacement,500,1,19860,1218825,192
193,heur012_n_250_m_20035,15,Vertex Construction,"Tournament Selection [f=0.5, k=2]",Converge Combiner [f=0.5],"Vertex Move Mutation [fc=0.05, fv=0.05]",Best Replacement,500,1,19860,1218825,193
194,heur012_n_250_m_20035,15,Vertex Construction,"Tournament Selection [f=0.5, k=2]",Converge Combiner [f=0.5],"Vertex Move Mutation [fc=0.05, fv=0.05]",Best Replacement,500,1,19860,1218825,194
195,heur012_n_250_m_20035,15,Vertex Construction,"Tournament Selection [f=0.5, k=2]",Converge Combiner [f=0.5],"Vertex Move Mutation [fc=0.05, fv=0.05]",Best Replacement,500,1,19860,1218825,195
196,heur012_n_250_m_20035,15,Vertex Construction,"Tournament Selection [f=0.5, k=2]",Converge Combiner [f=0.5],"Vertex Move Mutation [fc=0.05, fv=0.05]",Best Replacement,500,1,19860,1218825,196
197,heur012_n_250_m_20035,15,Vertex Construction,"Tournament Selection [f=0.5, k=2]",Converge Combiner [f=0.5],"Vertex Move Mutation [fc=0.05, fv=0.05]",Best Replacement,500,1,19860,1218825,197
198,heur012_n_250_m_20035,15,Vertex Construction,"Tournament Selection [f=0.5, k=2]",Converge Combiner [f=0.5],"Vertex Move Mutation [fc=0.05, fv=0.05]",Best Replacement,500,1,19860,1218825,198
199,heur012_n_250_m_20035,15,Vertex Construction,"Tournament Selection [f=0.5, k=2]",Converge Combiner [f=0.5],"Vertex Move Mutation [fc=0.05, fv=0.05]",Best Replacement,500,1,19860,1218825,199
200,heur012_n_250_m_20035,15,Vertex Construction,"Tournament Selection [f=0.5, k=2]",Converge Combiner [f=0.5],"Vertex Move Mutation [fc=0.05, fv=0.05]",Best Replacement,500,1,19860,1218825,200
201,heur012_n_250_m_20035,15,Vertex Construction,"Tournament Selection [f=0.5, k=2]",Converge Combiner [f=0.5],"Vertex Move Mutation [fc=0.05, fv=0.05]",Best Replacement,500,1,19860,1218825,201
202,heur012_n_250_m_20035,15,Vertex Construction,"Tournament Selection [f=0.5, k=2]",Converge Combiner [f=0.5],"Vertex Move Mutation [fc=0.05, fv=0.05]",Best Replacement,500,1,19860,1218825,202
203,heur012_n_250_m_20035,15,Vertex Construction,"Tournament Selection [f=0.5, k=2]",Converge Combiner [f=0.5],"Vertex Move Mutation [fc=0.05, fv=0.05]",Best Replacement,500,1,19860,1218825,203
204,heur012_n_250_m_20035,15,Vertex Construction,"Tournament Selection [f=0.5, k=2]",Converge Combiner [f=0.5],"Vertex Move Mutation [fc=0.05, fv=0.05]",Best Replacement,500,1,19860,1218825,204
205,heur012_n_250_m_20035,15,Vertex Construction,"Tournament Selection [f=0.5, k=2]",Converge Combiner [f=0.5],"Vertex Move Mutation [fc=0.05, fv=0.05]",Best Replacement,500,1,19860,1218825,205
206,heur012_n_250_m_20035,15,Vertex Construction,"Tournament Selection [f=0.5, k=2]",Converge Combiner [f=0.5],"Vertex Move Mutation [fc=0.05, fv=0.05]",Best Replacement,500,1,19860,1218825,206
207,heur012_n_250_m_20035,15,Vertex Construction,"Tournament Selection [f=0.5, k=2]",Converge Combiner [f=0.5],"Vertex Move Mutation [fc=0.05, fv=0.05]",Best Replacement,500,1,19860,1218825,207
208,heur012_n_250_m_20035,15,Vertex Construction,"Tournament Selection [f=0.5, k=2]",Converge Combiner [f=0.5],"Vertex Move Mutation [fc=0.05, fv=0.05]",Best Replacement,500,1,19860,1218825,208
209,heur012_n_250_m_20035,15,Vertex Construction,"Tournament Selection [f=0.5, k=2]",Converge Combiner [f=0.5],"Vertex Move Mutation [fc=0.05, fv=0.05]",Best Replacement,500,1,19860,1218825,209
210,heur012_n_250_m_20035,15,Vertex Construction,"Tournament Selection [f=0.5, k=2]",Converge Combiner [f=0.5],"Vertex Move Mutation [fc=0.05, fv=0.05]",Best Replacement,500,1,19860,1218825,210
211,heur012_n_250_m_20035,15,Vertex Construction,"Tournament Selection [f=0.5, k=2]",Converge Combiner [f=0.5],"Vertex Move Mutation [fc=0.05, fv=0.05]",Best Replacement,500,1,19860,1218825,211
212,heur012_n_250_m_20035,15,Vertex Construction,"Tournament Selection [f=0.5, k=2]",Converge Combiner [f=0.5],"Vertex Move Mutation [fc=0.05, fv=0.05]",Best Replacement,500,1,19860,1218825,212
213,heur012_n_250_m_20035,15,Vertex Construction,"Tournament Selection [f=0.5, k=2]",Converge Combiner [f=0.5],"Vertex Move Mutation [fc=0.05, fv=0.05]",Best Replacement,500,1,19860,1218825,213
214,heur012_n_250_m_20035,15,Vertex Construction,"Tournament Selection [f=0.5, k=2]",Converge Combiner [f=0.5],"Vertex Move Mutation [fc=0.05, fv=0.05]",Best Replacement,500,1,19860,1218825,214
215,heur012_n_250_m_20035,15,Vertex Construction,"Tournament Selection [f=0.5, k=2]",Converge Combiner [f=0.5],"Vertex Move Mutation [fc=0.05, fv=0.05]",Best Replacement,500,1,19860,1218825,215
216,heur012_n_250_m_20035,15,Vertex Construction,"Tournament Selection [f=0.5, k=2]",Converge Combiner [f=0.5],"Vertex Move Mutation [fc=0.05, fv=0.05]",Best Replacement,500,1,19860,1218825,216
217,heur012_n_250_m_20035,15,Vertex Construction,"Tournament Selection [f=0.5, k=2]",Converge Combiner [f=0.5],"Vertex Move Mutation [fc=0.05, fv=0.05]",Best Replacement,500,1,19860,1218825,217
218,heur012_n_250_m_20035,15,Vertex Construction,"Tournament Selection [f=0.5, k=2]",Converge Combiner [f=0.5],"Vertex Move Mutation [fc=0.05, fv=0.05]",Best Replacement,500,1,19860,1218825,218
219,heur012_n_250_m_20035,15,Vertex Construction,"Tournament Selection [f=0.5, k=2]",Converge Combiner [f=0.5],"Vertex Move Mutation [fc=0.05, fv=0.05]",Best Replacement,500,1,19860,1218825,219
220,heur012_n_250_m_20035,15,Vertex Construction,"Tournament Selection [f=0.5, k=2]",Converge Combiner [f=0.5],"Vertex Move Mutation [fc=0.05, fv=0.05]",Best Replacement,500,1,19860,1218825,220
221,heur012_n_250_m_20035,15,Vertex Construction,"Tournament Selection [f=0.5, k=2]",Converge Combiner [f=0.5],"Vertex Move Mutation [fc=0.05, fv=0.05]",Best Replacement,500,1,19860,1218825,221
222,heur012_n_250_m_20035,15,Vertex Construction,"Tournament Selection [f=0.5, k=2]",Converge Combiner [f=0.5],"Vertex Move Mutation [fc=0.05, fv=0.05]",Best Replacement,500,1,19860,1218825,222
223,heur012_n_250_m_20035,15,Vertex Construction,"Tournament Selection [f=0.5, k=2]",Converge Combiner [f=0.5],"Vertex Move Mutation [fc=0.05, fv=0.05]",Best Replacement,500,1,19860,1218825,223
224,heur012_n_250_m_20035,15,Vertex Construction,"Tournament Selection [f=0.5, k=2]",Converge Combiner [f=0.5],"Vertex Move Mutation [fc=0.05, fv=0.05]",Best Replacement,500,1,19860,1218825,224
225,heur012_n_250_m_20035,15,Vertex Construction,"Tournament Selection [f=0.5, k=2]",Converge Combiner [f=0.5],"Vertex Move Mutation [fc=0.05, fv=0.05]",Best Replacement,500,1,19860,1218825,225
226,heur012_n_250_m_20035,15,Vertex Construction,"Tournament Selection [f=0.5, k=2]",Converge Combiner [f=0.5],"Vertex Move Mutation [fc=0.05, fv=0.05]",Best Replacement,500,1,19860,1218825,226
227,heur012_n_250_m_20035,15,Vertex Construction,"Tournament Selection [f=0.5, k=2]",Converge Combiner [f=0.5],"Vertex Move Mutation [fc=0.05, fv=0.05]",Best Replacement,500,1,19860,1218825,227
228,heur012_n_250_m_20035,15,Vertex Construction,"Tournament Selection [f=0.5, k=2]",Converge Combiner [f=0.5],"Vertex Move Mutation [fc=0.05, fv=0.05]",Best Replacement,500,1,19860,1218825,228
229,heur012_n_250_m_20035,15,Vertex Construction,"Tournament Selection [f=0.5, k=2]",Converge Combiner [f=0.5],"Vertex Move Mutation [fc=0.05, fv=0.05]",Best Replacement,500,1,19860,1218825,229
230,heur012_n_250_m_20035,15,Vertex Construction,"Tournament Selection [f=0.5, k=2]",Converge Combiner [f=0.5],"Vertex Move Mutation [fc=0.05, fv=0.05]",Best Replacement,500,1,19860,1218825,230
231,heur012_n_250_m_20035,15,Vertex Construction,"Tournament Selection [f=0.5, k=2]",Converge Combiner [f=0.5],"Vertex Move Mutation [fc=0.05, fv=0.05]",Best Replacement,500,1,19860,1218825,231
232,heur012_n_250_m_20035,15,Vertex Construction,"Tournament Selection [f=0.5, k=2]",Converge Combiner [f=0.5],"Vertex Move Mutation [fc=0.05, fv=0.05]",Best Replacement,500,1,19860,1218825,232
233,heur012_n_250_m_20035,15,Vertex Construction,"Tournament Selection [f=0.5, k=2]",Converge Combiner [f=0.5],"Vertex Move Mutation [fc=0.05, fv=0.05]",Best Replacement,500,1,19860,1218825,233
234,heur012_n_250_m_20035,15,Vertex Construction,"Tournament Selection [f=0.5, k=2]",Converge Combiner [f=0.5],"Vertex Move Mutation [fc=0.05, fv=0.05]",Best Replacement,500,1,19860,1218825,234
235,heur012_n_250_m_20035,15,Vertex Construction,"Tournament Selection [f=0.5, k=2]",Converge Combiner [f=0.5],"Vertex Move Mutation [fc=0.05, fv=0.05]",Best Replacement,500,1,19860,1218825,235
236,heur012_n_250_m_20035,15,Vertex Construction,"Tournament Selection [f=0.5, k=2]",Converge Combiner [f=0.5],"Vertex Move Mutation [fc=0.05, fv=0.05]",Best Replacement,500,1,19860,1218825,236
237,heur012_n_250_m_20035,15,Vertex Construction,"Tournament Selection [f=0.5, k=2]",Converge Combiner [f=0.5],"Vertex Move Mutation [fc=0.05, fv=0.05]",Best Replacement,500,1,19860,1218825,237
238,heur012_n_250_m_20035,15,Vertex Construction,"Tournament Selection [f=0.5, k=2]",Converge Combiner [f=0.5],"Vertex Move Mutation [fc=0.05, fv=0.05]",Best Replacement,500,1,19860,1218825,238
239,heur012_n_250_m_20035,15,Vertex Construction,"Tournament Selection [f=0.5, k=2]",Converge Combiner [f=0.5],"Vertex Move Mutation [fc=0.05, fv=0.05]",Best Replacement,500,1,19860,1218825,239
240,heur012_n_250_m_20035,15,Vertex Construction,"Tournament Selection [f=0.5, k=2]",Converge Combiner [f=0.5],"Vertex Move Mutation [fc=0.05, fv=0.05]",Best Replacement,500,1,19860,1218825,240
241,heur012_n_250_m_20035,15,Vertex Construction,"Tournament Selection [f=0.5, k=2]",Converge Combiner [f=0.5],"Vertex Move Mutation [fc=0.05, fv=0.05]",Best Replacement,500,1,19860,1218825,241
242,heur012_n_250_m_20035,15,Vertex Construction,"Tournament Selection [f=0.5, k=2]",Converge Combiner [f=0.5],"Vertex Move Mutation [fc=0.05, fv=0.05]",Best Replacement,500,1,19860,1218825,242
243,heur012_n_250_m_20035,15,Vertex Construction,"Tournament Selection [f=0.5, k=2]",Converge Combiner [f=0.5],"Vertex Move Mutation [fc=0.05, fv=0.05]",Best Replacement,500,1,19860,1218825,243
244,heur012_n_250_m_20035,15,Vertex Construction,"Tournament Selection [f=0.5, k=2]",Converge Combiner [f=0.5],"Vertex Move Mutation [fc=0.05, fv=0.05]",Best Replacement,500,1,19860,1218825,244
245,heur012_n_250_m_20035,15,Vertex Construction,"Tournament Selection [f=0.5, k=2]",Converge Combiner [f=0.5],"Vertex Move Mutation [fc=0.05, fv=0.05]",Best Replacement,500,1,19860,1218825,245
246,heur012_n_250_m_20035,15,Vertex Construction,"Tournament Selection [f=0.5, k=2]",Converge Combiner [f=0.5],"Vertex Move Mutation [fc=0.05, fv=0.05]",Best Replacement,500,1,19860,1218825,246
247,heur012_n_250_m_20035,15,Vertex Construction,"Tournament Selection [f=0.5, k=2]",Converge Combiner [f=0.5],"Vertex Move Mutation [fc=0.05, fv=0.05]",Best Replacement,500,1,19860,1218825,247
248,heur012_n_250_m_20035,15,Vertex Construction,"Tournament Selection [f=0.5, k=2]",Converge Combiner [f=0.5],"Vertex Move Mutation [fc=0.05, fv=0.05]",Best Replacement,500,1,19860,1218825,248
249,heur012_n_250_m_20035,15,Vertex Construction,"Tournament Selection [f=0.5, k=2]",Converge Combiner [f=0.5],"Vertex Move Mutation [fc=0.05, fv=0.05]",Best Replacement,500,1,19860,1218825,249
250,heur012_n_250_m_20035,15,Vertex Construction,"Tournament Selection [f=0.5, k=2]",Converge Combiner [f=0.5],"Vertex Move Mutation [fc=0.05, fv=0.05]",Best Replacement,500,1,19860,1218825,250
251,heur012_n_250_m_20035,15,Vertex Construction,"Tournament Selection [f=0.5, k=2]",Converge Combiner [f=0.5],"Vertex Move Mutation [fc=0.05, fv=0.05]",Best Replacement,500,1,19860,1218825,251
252,heur012_n_250_m_20035,15,Vertex Construction,"Tournament Selection [f=0.5, k=2]",Converge Combiner [f=0.5],"Vertex Move Mutation [fc=0.05, fv=0.05]",Best Replacement,500,1,19860,1218825,252
253,heur012_n_250_m_20035,15,Vertex Construction,"Tournament Selection [f=0.5, k=2]",Converge Combiner [f=0.5],"Vertex Move Mutation [fc=0.05, fv=0.05]",Best Replacement,500,1,19860,1218825,253
254,heur012_n_250_m_20035,15,Vertex Construction,"Tournament Selection [f=0.5, k=2]",Converge Combiner [f=0.5],"Vertex Move Mutation [fc=0.05, fv=0.05]",Best Replacement,500,1,19860,1218825,254
255,heur012_n_250_m_20035,15,Vertex Construction,"Tournament Selection [f=0.5, k=2]",Converge Combiner [f=0.5],"Vertex Move Mutation [fc=0.05, fv=0.05]",Best Replacement,500,1,19860,1218825,255
256,heur012_n_250_m_20035,15,Vertex Construction,"Tournament Selection [f=0.5, k=2]",Converge Combiner [f=0.5],"Vertex Move Mutation [fc=0.05, fv=0.05]",Best Replacement,500,1,19860,1218825,256
257,heur012_n_250_m_20035,15,Vertex Construction,"Tournament Selection [f=0.5, k=2]",Converge Combiner [f=0.5],"Vertex Move Mutation [fc=0.05, fv=0.05]",Best Replacement,500,1,19860,1218825,257
258,heur012_n_250_m_20035,15,Vertex Construction,"Tournament Selection [f=0.5, k=2]",Converge Combiner [f=0.5],"Vertex Move Mutation [fc=0.05, fv=0.05]",Best Replacement,500,1,19860,1218825,258
259,heur012_n_250_m_20035,15,Vertex Construction,"Tournament Selection [f=0.5, k=2]",Converge Combiner [f=0.5],"Vertex Move Mutation [fc=0.05, fv=0.05]",Best Replacement,500,1,19860,1218825,259
260,heur012_n_250_m_20035,15,Vertex Construction,"Tournament Selection [f=0.5, k=2]",Converge Combiner [f=0.5],"Vertex Move Mutation [fc=0.05, fv=0.05]",Best Replacement,500,1,19860,1218825,260
261,heur012_n_250_m_20035,15,Vertex Construction,"Tournament Selection [f=0.5, k=2]",Converge Combiner [f=0.5],"Vertex Move Mutation [fc=0.05, fv=0.05]",Best Replacement,500,1,19860,1218825,261
262,heur012_n_250_m_20035,15,Vertex Construction,"Tournament Selection [f=0.5, k=2]",Converge Combiner [f=0.5],"Vertex Move Mutation [fc=0.05, fv=0.05]",Best Replacement,500,1,19860,1218825,262
263,heur012_n_250_m_20035,15,Vertex Construction,"Tournament Selection [f=0.5, k=2]",Converge Combiner [f=0.5],"Vertex Move Mutation [fc=0.05, fv=0.05]",Best Replacement,500,1,19860,1218825,263
264,heur012_n_250_m_20035,15,Vertex Construction,"Tournament Selection [f=0.5, k=2]",Converge Combiner [f=0.5],"Vertex Move Mutation [fc=0.05, fv=0.05]",Best Replacement,500,1,19860,1218825,264
265,heur012_n_250_m_20035,15,Vertex Construction,"Tournament Selection [f=0.5, k=2]",Converge Combiner [f=0.5],"Vertex Move Mutation [fc=0.05, fv=0.05]",Best Replacement,500,1,19860,1218825,265
266,heur012_n_250_m_20035,15,Vertex Construction,"Tournament Selection [f=0.5, k=2]",Converge Combiner [f=0.5],"Vertex Move Mutation [fc=0.05, fv=0.05]",Best Replacement,500,1,19860,1218825,266
267,heur012_n_250_m_20035,15,Vertex Construction,"Tournament Selection [f=0.5, k=2]",Converge Combiner [f=0.5],"Vertex Move Mutation [fc=0.05, fv=0.05]",Best Replacement,500,1,19860,1218825,267
268,heur012_n_250_m_20035,15,Vertex Construction,"Tournament Selection [f=0.5, k=2]",Converge Combiner [f=0.5],"Vertex Move Mutation [fc=0.05, fv=0.05]",Best Replacement,500,1,19860,1218825,268
269,heur012_n_250_m_20035,15,Vertex Construction,"Tournament Selection [f=0.5, k=2]",Converge Combiner [f=0.5],"Vertex Move Mutation [fc=0.05, fv=0.05]",Best Replacement,500,1,19860,1218825,269
270,heur012_n_250_m_20035,15,Vertex Construction,"Tournament Selection [f=0.5, k=2]",Converge Combiner [f=0.5],"Vertex Move Mutation [fc=0.05, fv=0.05]",Best Replacement,500,1,19860,1218825,270
271,heur012_n_250_m_20035,15,Vertex Construction,"Tournament Selection [f=0.5, k=2]",Converge Combiner [f=0.5],"Vertex Move Mutation [fc=0.05, fv=0.05]",Best Replacement,500,1,19860,1218825,271
272,heur012_n_250_m_20035,15,Vertex Construction,"Tournament Selection [f=0.5, k=2]",Converge Combiner [f=0.5],"Vertex Move Mutation [fc=0.05, fv=0.05]",Best Replacement,500,1,19860,1218825,272
273,heur012_n_250_m_20035,15,Vertex Construction,"Tournament Selection [f=0.5, k=2]",Converge Combiner [f=0.5],"Vertex Move Mutation [fc=0.05, fv=0.05]",Best Replacement,500,1,19860,1218825,273
274,heur012_n_250_m_20035,15,Vertex Construction,"Tournament Selection [f=0.5, k=2]",Converge Combiner [f=0.5],"Vertex Move Mutation [fc=0.05, fv=0.05]",Best Replacement,500,1,19860,1218825,274
275,heur012_n_250_m_20035,15,Vertex Construction,"Tournament Selection [f=0.5, k=2]",Converge Combiner [f=0.5],"Vertex Move Mutation [fc=0.05, fv=0.05]",Best Replacement,500,1,19860,1218825,275
276,heur012_n_250_m_20035,15,Vertex Construction,"Tournament Selection [f=0.5, k=2]",Converge Combiner [f=0.5],"Vertex Move Mutation [fc=0.05, fv=0.05]",Best Replacement,500,1,19860,1218825,276
277,heur012_n_250_m_20035,15,Vertex Construction,"Tournament Selection [f=0.5, k=2]",Converge Combiner [f=0.5],"Vertex Move Mutation [fc=0.05, fv=0.05]",Best Replacement,500,1,19860,1218825,277
278,heur012_n_250_m_20035,15,Vertex Construction,"Tournament Selection [f=0.5, k=2]",Converge Combiner [f=0.5],"Vertex Move Mutation [fc=0.05, fv=0.05]",Best Replacement,500,1,19860,1218825,278
279,heur012_n_250_m_20035,15,Vertex Construction,"Tournament Selection [f=0.5, k=2]",Converge Combiner [f=0.5],"Vertex Move Mutation [fc=0.05, fv=0.05]",Best Replacement,500,1,19860,1218825,279
280,heur012_n_250_m_20035,15,Vertex Construction,"Tournament Selection [f=0.5, k=2]",Converge Combiner [f=0.5],"Vertex Move Mutation [fc=0.05, fv=0.05]",Best Replacement,500,1,19860,1218825,280
281,heur012_n_250_m_20035,15,Vertex Construction,"Tournament Selection [f=0.5, k=2]",Converge Combiner [f=0.5],"Vertex Move Mutation [fc=0.05, fv=0.05]",Best Replacement,500,1,19860,1218825,281
282,heur012_n_250_m_20035,15,Vertex Construction,"Tournament Selection [f=0.5, k=2]",Converge Combiner [f=0.5],"Vertex Move Mutation [fc=0.05, fv=0.05]",Best Replacement,500,1,19860,1218825,282
283,heur012_n_250_m_20035,15,Vertex Construction,"Tournament Selection [f=0.5, k=2]",Converge Combiner [f=0.5],"Vertex Move Mutation [fc=0.05, fv=0.05]",Best Replacement,500,1,19860,1218825,283
284,heur012_n_250_m_20035,15,Vertex Construction,"Tournament Selection [f=0.5, k=2]",Converge Combiner [f=0.5],"Vertex Move Mutation [fc=0.05, fv=0.05]",Best Replacement,500,1,19860,1218825,284
285,heur012_n_250_m_20035,15,Vertex Construction,"Tournament Selection [f=0.5, k=2]",Converge Combiner [f=0.5],"Vertex Move Mutation [fc=0.05, fv=0.05]",Best Replacement,500,1,19860,1218825,285
286,heur012_n_250_m_20035,15,Vertex Construction,"Tournament Selection [f=0.5, k=2]",Converge Combiner [f=0.5],"Vertex Move Mutation [fc=0.05, fv=0.05]",Best Replacement,500,1,19860,1218825,286
287,heur012_n_250_m_20035,15,Vertex Construction,"Tournament Selection [f=0.5, k=2]",Converge Combiner [f=0.5],"Vertex Move Mutation [fc=0.05, fv=0.05]",Best Replacement,500,1,19860,1218825,287
288,heur012_n_250_m_20035,15,Vertex Construction,"Tournament Selection [f=0.5, k=2]",Converge Combiner [f=0.5],"Vertex Move Mutation [fc=0.05, fv=0.05]",Best Replacement,500,1,19860,1218825,288
289,heur012_n_250_m_20035,15,Vertex Construction,"Tournament Selection [f=0.5, k=2]",Converge Combiner [f=0.5],"Vertex Move Mutation [fc=0.05, fv=0.05]",Best Replacement,500,1,19860,1218825,289
290,heur012_n_250_m_20035,15,Vertex Construction,"Tournament Selection [f=0.5, k=2]",Converge Combiner [f=0.5],"Vertex Move Mutation [fc=0.05, fv=0.05]",Best Replacement,500,1,19860,1218825,290
291,heur012_n_250_m_20035,15,Vertex Construction,"Tournament Selection [f=0.5, k=2]",Converge Combiner [f=0.5],"Vertex Move Mutation [fc=0.05, fv=0.05]",Best Replacement,500,1,19860,1218825,291
292,heur012_n_250_m_20035,15,Vertex Construction,"Tournament Selection [f=0.5, k=2]",Converge Combiner [f=0.5],"Vertex Move Mutation [fc=0.05, fv=0.05]",Best Replacement,500,1,19860,1218825,292
293,heur012_n_250_m_20035,15,Vertex Construction,"Tournament Selection [f=0.5, k=2]",Converge Combiner [f=0.5],"Vertex Move Mutation [fc=0.05, fv=0.05]",Best Replacement,500,1,19860,1218825,293
294,heur012_n_250_m_20035,15,Vertex Construction,"Tournament Selection [f=0.5, k=2]",Converge Combiner [f=0.5],"Vertex Move Mutation [fc=0.05, fv=0.05]",Best Replacement,500,1,19860,1218825,294
295,heur012_n_250_m_20035,15,Vertex Construction,"Tournament Selection [f=0.5, k=2]",Converge Combiner [f=0.5],"Vertex Move Mutation [fc=0.05, fv=0.05]",Best Replacement,500,1,19860,1218825,295
296,heur012_n_250_m_20035,15,Vertex Construction,"Tournament Selection [f=0.5, k=2]",Converge Combiner [f=0.5],"Vertex Move Mutation [fc=0.05, fv=0.05]",Best Replacement,500,1,19860,1218825,296
297,heur012_n_250_m_20035,15,Vertex Construction,"Tournament Selection [f=0.5, k=2]",Converge Combiner [f=0.5],"Vertex Move Mutation [fc=0.05, fv=0.05]",Best Replacement,500,1,19860,1218825,297
298,heur012_n_250_m_20035,15,Vertex Construction,"Tournament Selection [f=0.5, k=2]",Converge Combiner [f=0.5],"Vertex Move Mutation [fc=0.05, fv=0.05]",Best Replacement,500,1,19860,1218825,298
299,heur012_n_250_m_20035,15,Vertex Construction,"Tournament Selection [f=0.5, k=2]",Converge Combiner [f=0.5],"Vertex Move Mutation [fc=0.05, fv=0.05]",Best Replacement,500,1,19860,1218825,299
300,heur012_n_250_m_20035,15,Vertex Construction,"Tournament Selection [f=0.5, k=2]",Converge Combiner [f=0.5],"Vertex Move Mutation [fc=0.05, fv=0.05]",Best Replacement,500,1,19860,1218825,300
301,heur012_n_250_m_20035,15,Vertex Construction,"Tournament Selection [f=0.5, k=2]",Converge Combiner [f=0.5],"Vertex Move Mutation [fc=0.05, fv=0.05]",Best Replacement,500,1,19860,1218825,301
302,heur012_n_250_m_20035,15,Vertex Construction,"Tournament Selection [f=0.5, k=2]",Converge Combiner [f=0.5],"Vertex Move Mutation [fc=0.05, fv=0.05]",Best Replacement,500,1,19860,1218825,302
303,heur012_n_250_m_20035,15,Vertex Construction,"Tournament Selection [f=0.5, k=2]",Converge Combiner [f=0.5],"Vertex Move Mutation [fc=0.05, fv=0.05]",Best Replacement,500,1,19860,1218825,303
304,heur012_n_250_m_20035,15,Vertex Construction,"Tournament Selection [f=0.5, k=2]",Converge Combiner [f=0.5],"Vertex Move Mutation [fc=0.05, fv=0.05]",Best Replacement,500,1,19860,1218825,304
305,heur012_n_250_m_20035,15,Vertex Construction,"Tournament Selection [f=0.5, k=2]",Converge Combiner [f=0.5],"Vertex Move Mutation [fc=0.05, fv=0.05]",Best Replacement,500,1,19860,1218825,305
306,heur012_n_250_m_20035,15,Vertex Construction,"Tournament Selection [f=0.5, k=2]",Converge Combiner [f=0.5],"Vertex Move Mutation [fc=0.05, fv=0.05]",Best Replacement,500,1,19860,1218825,306
307,heur012_n_250_m_20035,15,Vertex Construction,"Tournament Selection [f=0.5, k=2]",Converge Combiner [f=0.5],"Vertex Move Mutation [fc=0.05, fv=0.05]",Best Replacement,500,1,19860,1218825,307
308,heur012_n_250_m_20035,15,Vertex Construction,"Tournament Selection [f=0.5, k=2]",Converge Combiner [f=0.5],"Vertex Move Mutation [fc=0.05, fv=0.05]",Best Replacement,500,1,19860,1218825,308
309,heur012_n_250_m_20035,15,Vertex Construction,"Tournament Selection [f=0.5, k=2]",Converge Combiner [f=0.5],"Vertex Move Mutation [fc=0.05, fv=0.05]",Best Replacement,500,1,19860,1218825,309
310,heur012_n_250_m_20035,15,Vertex Construction,"Tournament Selection [f=0.5, k=2]",Converge Combiner [f=0.5],"Vertex Move Mutation [fc=0.05, fv=0.05]",Best Replacement,500,1,19860,1218825,310
311,heur012_n_250_m_20035,15,Vertex Construction,"Tournament Selection [f=0.5, k=2]",Converge Combiner [f=0.5],"Vertex Move Mutation [fc=0.05, fv=0.05]",Best Replacement,500,1,19860,1218825,311
312,heur012_n_250_m_20035,15,Vertex Construction,"Tournament Selection [f=0.5, k=2]",Converge Combiner [f=0.5],"Vertex Move Mutation [fc=0.05, fv=0.05]",Best Replacement,500,1,19860,1218825,312
313,heur012_n_250_m_20035,15,Vertex Construction,"Tournament Selection [f=0.5, k=2]",Converge Combiner [f=0.5],"Vertex Move Mutation [fc=0.05, fv=0.05]",Best Replacement,500,1,19860,1218825,313
314,heur012_n_250_m_20035,15,Vertex Construction,"Tournament Selection [f=0.5, k=2]",Converge Combiner [f=0.5],"Vertex Move Mutation [fc=0.05, fv=0.05]",Best Replacement,500,1,19653,1218825,314
315,heur012_n_250_m_20035,15,Vertex Construction,"Tournament Selection [f=0.5, k=2]",Converge Combiner [f=0.5],"Vertex Move Mutation [fc=0.05, fv=0.05]",Best Replacement,500,1,19653,1218825,315
316,heur012_n_250_m_20035,15,Vertex Construction,"Tournament Selection [f=0.5, k=2]",Converge Combiner [f=0.5],"Vertex Move Mutation [fc=0.05, fv=0.05]",Best Replacement,500,1,19653,1218825,316
317,heur012_n_250_m_20035,15,Vertex Construction,"Tournament Selection [f=0.5, k=2]",Converge Combiner [f=0.5],"Vertex Move Mutation [fc=0.05, fv=0.05]",Best Replacement,500,1,19653,1218825,317
318,heur012_n_250_m_20035,15,Vertex Construction,"Tournament Selection [f=0.5, k=2]",Converge Combiner [f=0.5],"Vertex Move Mutation [fc=0.05, fv=0.05]",Best Replacement,500,1,19653,1218825,318
319,heur012_n_250_m_20035,15,Vertex Construction,"Tournament Selection [f=0.5, k=2]",Converge Combiner [f=0.5],"Vertex Move Mutation [fc=0.05, fv=0.05]",Best Replacement,500,1,19653,1218825,319
320,heur012_n_250_m_20035,15,Vertex Construction,"Tournament Selection [f=0.5, k=2]",Converge Combiner [f=0.5],"Vertex Move Mutation [fc=0.05, fv=0.05]",Best Replacement,500,1,19627,1218825,320
321,heur012_n_250_m_20035,15,Vertex Construction,"Tournament Selection [f=0.5, k=2]",Converge Combiner [f=0.5],"Vertex Move Mutation [fc=0.05, fv=0.05]",Best Replacement,500,1,19627,1218825,321
322,heur012_n_250_m_20035,15,Vertex Construction,"Tournament Selection [f=0.5, k=2]",Converge Combiner [f=0.5],"Vertex Move Mutation [fc=0.05, fv=0.05]",Best Replacement,500,1,19627,1218825,322
323,heur012_n_250_m_20035,15,Vertex Construction,"Tournament Selection [f=0.5, k=2]",Converge Combiner [f=0.5],"Vertex Move Mutation [fc=0.05, fv=0.05]",Best Replacement,500,1,19627,1218825,323
324,heur012_n_250_m_20035,15,Vertex Construction,"Tournament Selection [f=0.5, k=2]",Converge Combiner [f=0.5],"Vertex Move Mutation [fc=0.05, fv=0.05]",Best Replacement,500,1,19627,1218825,324
325,heur012_n_250_m_20035,15,Vertex Construction,"Tournament Selection [f=0.5, k=2]",Converge Combiner [f=0.5],"Vertex Move Mutation [fc=0.05, fv=0.05]",Best Replacement,500,1,19627,1218825,325
326,heur012_n_250_m_20035,15,Vertex Construction,"Tournament Selection [f=0.5, k=2]",Converge Combiner [f=0.5],"Vertex Move Mutation [fc=0.05, fv=0.05]",Best Replacement,500,1,19627,1218825,326
327,heur012_n_250_m_20035,15,Vertex Construction,"Tournament Selection [f=0.5, k=2]",Converge Combiner [f=0.5],"Vertex Move Mutation [fc=0.05, fv=0.05]",Best Replacement,500,1,19627,1218825,327
328,heur012_n_250_m_20035,15,Vertex Construction,"Tournament Selection [f=0.5, k=2]",Converge Combiner [f=0.5],"Vertex Move Mutation [fc=0.05, fv=0.05]",Best Replacement,500,1,19627,1218825,328
329,heur012_n_250_m_20035,15,Vertex Construction,"Tournament Selection [f=0.5, k=2]",Converge Combiner [f=0.5],"Vertex Move Mutation [fc=0.05, fv=0.05]",Best Replacement,500,1,19627,1218825,329
330,heur012_n_250_m_20035,15,Vertex Construction,"Tournament Selection [f=0.5, k=2]",Converge Combiner [f=0.5],"Vertex Move Mutation [fc=0.05, fv=0.05]",Best Replacement,500,1,19627,1218825,330
331,heur012_n_250_m_20035,15,Vertex Construction,"Tournament Selection [f=0.5, k=2]",Converge Combiner [f=0.5],"Vertex Move Mutation [fc=0.05, fv=0.05]",Best Replacement,500,1,19627,1218825,331
332,heur012_n_250_m_20035,15,Vertex Construction,"Tournament Selection [f=0.5, k=2]",Converge Combiner [f=0.5],"Vertex Move Mutation [fc=0.05, fv=0.05]",Best Replacement,500,1,19627,1218825,332
333,heur012_n_250_m_20035,15,Vertex Construction,"Tournament Selection [f=0.5, k=2]",Converge Combiner [f=0.5],"Vertex Move Mutation [fc=0.05, fv=0.05]",Best Replacement,500,1,19627,1218825,333
334,heur012_n_250_m_20035,15,Vertex Construction,"Tournament Selection [f=0.5, k=2]",Converge Combiner [f=0.5],"Vertex Move Mutation [fc=0.05, fv=0.05]",Best Replacement,500,1,19627,1218825,334
335,heur012_n_250_m_20035,15,Vertex Construction,"Tournament Selection [f=0.5, k=2]",Converge Combiner [f=0.5],"Vertex Move Mutation [fc=0.05, fv=0.05]",Best Replacement,500,1,19627,1218825,335
336,heur012_n_250_m_20035,15,Vertex Construction,"Tournament Selection [f=0.5, k=2]",Converge Combiner [f=0.5],"Vertex Move Mutation [fc=0.05, fv=0.05]",Best Replacement,500,1,19627,1218825,336
337,heur012_n_250_m_20035,15,Vertex Construction,"Tournament Selection [f=0.5, k=2]",Converge Combiner [f=0.5],"Vertex Move Mutation [fc=0.05, fv=0.05]",Best Replacement,500,1,19627,1218825,337
338,heur012_n_250_m_20035,15,Vertex Construction,"Tournament Selection [f=0.5, k=2]",Converge Combiner [f=0.5],"Vertex Move Mutation [fc=0.05, fv=0.05]",Best Replacement,500,1,19627,1218825,338
339,heur012_n_250_m_20035,15,Vertex Construction,"Tournament Selection [f=0.5, k=2]",Converge Combiner [f=0.5],"Vertex Move Mutation [fc=0.05, fv=0.05]",Best Replacement,500,1,19627,1218825,339
340,heur012_n_250_m_20035,15,Vertex Construction,"Tournament Selection [f=0.5, k=2]",Converge Combiner [f=0.5],"Vertex Move Mutation [fc=0.05, fv=0.05]",Best Replacement,500,1,19627,1218825,340
341,heur012_n_250_m_20035,15,Vertex Construction,"Tournament Selection [f=0.5, k=2]",Converge Combiner [f=0.5],"Vertex Move Mutation [fc=0.05, fv=0.05]",Best Replacement,500,1,19627,1218825,341
342,heur012_n_250_m_20035,15,Vertex Construction,"Tournament Selection [f=0.5, k=2]",Converge Combiner [f=0.5],"Vertex Move Mutation [fc=0.05, fv=0.05]",Best Replacement,500,1,19627,1218825,342
343,heur012_n_250_m_20035,15,Vertex Construction,"Tournament Selection [f=0.5, k=2]",Converge Combiner [f=0.5],"Vertex Move Mutation [fc=0.05, fv=0.05]",Best Replacement,500,1,19627,1218825,343
344,heur012_n_250_m_20035,15,Vertex Construction,"Tournament Selection [f=0.5, k=2]",Converge Combiner [f=0.5],"Vertex Move Mutation [fc=0.05, fv=0.05]",Best Replacement,500,1,19627,1218825,344
345,heur012_n_250_m_20035,15,Vertex Construction,"Tournament Selection [f=0.5, k=2]",Converge Combiner [f=0.5],"Vertex Move Mutation [fc=0.05, fv=0.05]",Best Replacement,500,1,19627,1218825,345
346,heur012_n_250_m_20035,15,Vertex Construction,"Tournament Selection [f=0.5, k=2]",Converge Combiner [f=0.5],"Vertex Move Mutation [fc=0.05, fv=0.05]",Best Replacement,500,1,19627,1218825,346
347,heur012_n_250_m_20035,15,Vertex Construction,"Tournament Selection [f=0.5, k=2]",Converge Combiner [f=0.5],"Vertex Move Mutation [fc=0.05, fv=0.05]",Best Replacement,500,1,19627,1218825,347
348,heur012_n_250_m_20035,15,Vertex Construction,"Tournament Selection [f=0.5, k=2]",Converge Combiner [f=0.5],"Vertex Move Mutation [fc=0.05, fv=0.05]",Best Replacement,500,1,19627,1218825,348
349,heur012_n_250_m_20035,15,Vertex Construction,"Tournament Selection [f=0.5, k=2]",Converge Combiner [f=0.5],"Vertex Move Mutation [fc=0.05, fv=0.05]",Best Replacement,500,1,19627,1218825,349
350,heur012_n_250_m_20035,15,Vertex Construction,"Tournament Selection [f=0.5, k=2]",Converge Combiner [f=0.5],"Vertex Move Mutation [fc=0.05, fv=0.05]",Best Replacement,500,1,19627,1218825,350
351,heur012_n_250_m_20035,15,Vertex Construction,"Tournament Selection [f=0.5, k=2]",Converge Combiner [f=0.5],"Vertex Move Mutation [fc=0.05, fv=0.05]",Best Replacement,500,1,19627,1218825,351
352,heur012_n_250_m_20035,15,Vertex Construction,"Tournament Selection [f=0.5, k=2]",Converge Combiner [f=0.5],"Vertex Move Mutation [fc=0.05, fv=0.05]",Best Replacement,500,1,19627,1218825,352
353,heur012_n_250_m_20035,15,Vertex Construction,"Tournament Selection [f=0.5, k=2]",Converge Combiner [f=0.5],"Vertex Move Mutation [fc=0.05, fv=0.05]",Best Replacement,500,1,19627,1218825,353
354,heur012_n_250_m_20035,15,Vertex Construction,"Tournament Selection [f=0.5, k=2]",Converge Combiner [f=0.5],"Vertex Move Mutation [fc=0.05, fv=0.05]",Best Replacement,500,1,19627,1218825,354
355,heur012_n_250_m_20035,15,Vertex Construction,"Tournament Selection [f=0.5, k=2]",Converge Combiner [f=0.5],"Vertex Move Mutation [fc=0.05, fv=0.05]",Best Replacement,500,1,19627,1218825,355
356,heur012_n_250_m_20035,15,Vertex Construction,"Tournament Selection [f=0.5, k=2]",Converge Combiner [f=0.5],"Vertex Move Mutation [fc=0.05, fv=0.05]",Best Replacement,500,1,19627,1218825,356
357,heur012_n_250_m_20035,15,Vertex Construction,"Tournament Selection [f=0.5, k=2]",Converge Combiner [f=0.5],"Vertex Move Mutation [fc=0.05, fv=0.05]",Best Replacement,500,1,19627,1218825,357
358,heur012_n_250_m_20035,15,Vertex Construction,"Tournament Selection [f=0.5, k=2]",Converge Combiner [f=0.5],"Vertex Move Mutation [fc=0.05, fv=0.05]",Best Replacement,500,1,19627,1218825,358
359,heur012_n_250_m_20035,15,Vertex Construction,"Tournament Selection [f=0.5, k=2]",Converge Combiner [f=0.5],"Vertex Move Mutation [fc=0.05, fv=0.05]",Best Replacement,500,1,19627,1218825,359
360,heur012_n_250_m_20035,15,Vertex Construction,"Tournament Selection [f=0.5, k=2]",Converge Combiner [f=0.5],"Vertex Move Mutation [fc=0.05, fv=0.05]",Best Replacement,500,1,19627,1218825,360
361,heur012_n_250_m_20035,15,Vertex Construction,"Tournament Selection [f=0.5, k=2]",Converge Combiner [f=0.5],"Vertex Move Mutation [fc=0.05, fv=0.05]",Best Replacement,500,1,19627,1218825,361
362,heur012_n_250_m_20035,15,Vertex Construction,"Tournament Selection [f=0.5, k=2]",Converge Combiner [f=0.5],"Vertex Move Mutation [fc=0.05, fv=0.05]",Best Replacement,500,1,19627,1218825,362
363,heur012_n_250_m_20035,15,Vertex Construction,"Tournament Selection [f=0.5, k=2]",Converge Combiner [f=0.5],"Vertex Move Mutation [fc=0.05, fv=0.05]",Best Replacement,500,1,19627,1218825,363
364,heur012_n_250_m_20035,15,Vertex Construction,"Tournament Selection [f=0.5, k=2]",Converge Combiner [f=0.5],"Vertex Move Mutation [fc=0.05, fv=0.05]",Best Replacement,500,1,19627,1218825,364
365,heur012_n_250_m_20035,15,Vertex Construction,"Tournament Selection [f=0.5, k=2]",Converge Combiner [f=0.5],"Vertex Move Mutation [fc=0.05, fv=0.05]",Best Replacement,500,1,19627,1218825,365
366,heur012_n_250_m_20035,15,Vertex Construction,"Tournament Selection [f=0.5, k=2]",Converge Combiner [f=0.5],"Vertex Move Mutation [fc=0.05, fv=0.05]",Best Replacement,500,1,19627,1218825,366
367,heur012_n_250_m_20035,15,Vertex Construction,"Tournament Selection [f=0.5, k=2]",Converge Combiner [f=0.5],"Vertex Move Mutation [fc=0.05, fv=0.05]",Best Replacement,500,1,19627,1218825,367
368,heur012_n_250_m_20035,15,Vertex Construction,"Tournament Selection [f=0.5, k=2]",Converge Combiner [f=0.5],"Vertex Move Mutation [fc=0.05, fv=0.05]",Best Replacement,500,1,19627,1218825,368
369,heur012_n_250_m_20035,15,Vertex Construction,"Tournament Selection [f=0.5, k=2]",Converge Combiner [f=0.5],"Vertex Move Mutation [fc=0.05, fv=0.05]",Best Replacement,500,1,19627,1218825,369
370,heur012_n_250_m_20035,15,Vertex Construction,"Tournament Selection [f=0.5, k=2]",Converge Combiner [f=0.5],"Vertex Move Mutation [fc=0.05, fv=0.05]",Best Replacement,500,1,19627,1218825,370
371,heur012_n_250_m_20035,15,Vertex Construction,"Tournament Selection [f=0.5, k=2]",Converge Combiner [f=0.5],"Vertex Move Mutation [fc=0.05, fv=0.05]",Best Replacement,500,1,19627,1218825,371
372,heur012_n_250_m_20035,15,Vertex Construction,"Tournament Selection [f=0.5, k=2]",Converge Combiner [f=0.5],"Vertex Move Mutation [fc=0.05, fv=0.05]",Best Replacement,500,1,19627,1218825,372
373,heur012_n_250_m_20035,15,Vertex Construction,"Tournament Selection [f=0.5, k=2]",Converge Combiner [f=0.5],"Vertex Move Mutation [fc=0.05, fv=0.05]",Best Replacement,500,1,19627,1218825,373
374,heur012_n_250_m_20035,15,Vertex Construction,"Tournament Selection [f=0.5, k=2]",Converge Combiner [f=0.5],"Vertex Move Mutation [fc=0.05, fv=0.05]",Best Replacement,500,1,19627,1218825,374
375,heur012_n_250_m_20035,15,Vertex Construction,"Tournament Selection [f=0.5, k=2]",Converge Combiner [f=0.5],"Vertex Move Mutation [fc=0.05, fv=0.05]",Best Replacement,500,1,19627,1218825,375
376,heur012_n_250_m_20035,15,Vertex Construction,"Tournament Selection [f=0.5, k=2]",Converge Combiner [f=0.5],"Vertex Move Mutation [fc=0.05, fv=0.05]",Best Replacement,500,1,19627,1218825,376
377,heur012_n_250_m_20035,15,Vertex Construction,"Tournament Selection [f=0.5, k=2]",Converge Combiner [f=0.5],"Vertex Move Mutation [fc=0.05, fv=0.05]",Best Replacement,500,1,19627,1218825,377
378,heur012_n_250_m_20035,15,Vertex Construction,"Tournament Selection [f=0.5, k=2]",Converge Combiner [f=0.5],"Vertex Move Mutation [fc=0.05, fv=0.05]",Best Replacement,500,1,19627,1218825,378
379,heur012_n_250_m_20035,15,Vertex Construction,"Tournament Selection [f=0.5, k=2]",Converge Combiner [f=0.5],"Vertex Move Mutation [fc=0.05, fv=0.05]",Best Replacement,500,1,19627,1218825,379
380,heur012_n_250_m_20035,15,Vertex Construction,"Tournament Selection [f=0.5, k=2]",Converge Combiner [f=0.5],"Vertex Move Mutation [fc=0.05, fv=0.05]",Best Replacement,500,1,19627,1218825,380
381,heur012_n_250_m_20035,15,Vertex Construction,"Tournament Selection [f=0.5, k=2]",Converge Combiner [f=0.5],"Vertex Move Mutation [fc=0.05, fv=0.05]",Best Replacement,500,1,19627,1218825,381
382,heur012_n_250_m_20035,15,Vertex Construction,"Tournament Selection [f=0.5, k=2]",Converge Combiner [f=0.5],"Vertex Move Mutation [fc=0.05, fv=0.05]",Best Replacement,500,1,19627,1218825,382
383,heur012_n_250_m_20035,15,Vertex Construction,"Tournament Selection [f=0.5, k=2]",Converge Combiner [f=0.5],"Vertex Move Mutation [fc=0.05, fv=0.05]",Best Replacement,500,1,19627,1218825,383
384,heur012_n_250_m_20035,15,Vertex Construction,"Tournament Selection [f=0.5, k=2]",Converge Combiner [f=0.5],"Vertex Move Mutation [fc=0.05, fv=0.05]",Best Replacement,500,1,19627,1218825,384
385,heur012_n_250_m_20035,15,Vertex Construction,"Tournament Selection [f=0.5, k=2]",Converge Combiner [f=0.5],"Vertex Move Mutation [fc=0.05, fv=0.05]",Best Replacement,500,1,19627,1218825,385
386,heur012_n_250_m_20035,15,Vertex Construction,"Tournament Selection [f=0.5, k=2]",Converge Combiner [f=0.5],"Vertex Move Mutation [fc=0.05, fv=0.05]",Best Replacement,500,1,19627,1218825,386
387,heur012_n_250_m_20035,15,Vertex Construction,"Tournament Selection [f=0.5, k=2]",Converge Combiner [f=0.5],"Vertex Move Mutation [fc=0.05, fv=0.05]",Best Replacement,500,1,19627,1218825,387
388,heur012_n_250_m_20035,15,Vertex Construction,"Tournament Selection [f=0.5, k=2]",Converge Combiner [f=0.5],"Vertex Move Mutation [fc=0.05, fv=0.05]",Best Replacement,500,1,19627,1218825,388
389,heur012_n_250_m_20035,15,Vertex Construction,"Tournament Selection [f=0.5, k=2]",Converge Combiner [f=0.5],"Vertex Move Mutation [fc=0.05, fv=0.05]",Best Replacement,500,1,19627,1218825,389
390,heur012_n_250_m_20035,15,Vertex Construction,"Tournament Selection [f=0.5, k=2]",Converge Combiner [f=0.5],"Vertex Move Mutation [fc=0.05, fv=0.05]",Best Replacement,500,1,19627,1218825,390
391,heur012_n_250_m_20035,15,Vertex Construction,"Tournament Selection [f=0.5, k=2]",Converge Combiner [f=0.5],"Vertex Move Mutation [fc=0.05, fv=0.05]",Best Replacement,500,1,19627,1218825,391
392,heur012_n_250_m_20035,15,Vertex Construction,"Tournament Selection [f=0.5, k=2]",Converge Combiner [f=0.5],"Vertex Move Mutation [fc=0.05, fv=0.05]",Best Replacement,500,1,19627,1218825,392
393,heur012_n_250_m_20035,15,Vertex Construction,"Tournament Selection [f=0.5, k=2]",Converge Combiner [f=0.5],"Vertex Move Mutation [fc=0.05, fv=0.05]",Best Replacement,500,1,19627,1218825,393
394,heur012_n_250_m_20035,15,Vertex Construction,"Tournament Selection [f=0.5, k=2]",Converge Combiner [f=0.5],"Vertex Move Mutation [fc=0.05, fv=0.05]",Best Replacement,500,1,19627,1218825,394
395,heur012_n_250_m_20035,15,Vertex Construction,"Tournament Selection [f=0.5, k=2]",Converge Combiner [f=0.5],"Vertex Move Mutation [fc=0.05, fv=0.05]",Best Replacement,500,1,19627,1218825,395
396,heur012_n_250_m_20035,15,Vertex Construction,"Tournament Selection [f=0.5, k=2]",Converge Combiner [f=0.5],"Vertex Move Mutation [fc=0.05, fv=0.05]",Best Replacement,500,1,19627,1218825,396
397,heur012_n_250_m_20035,15,Vertex Construction,"Tournament Selection [f=0.5, k=2]",Converge Combiner [f=0.5],"Vertex Move Mutation [fc=0.05, fv=0.05]",Best Replacement,500,1,19627,1218825,397
398,heur012_n_250_m_20035,15,Vertex Construction,"Tournament Selection [f=0.5, k=2]",Converge Combiner [f=0.5],"Vertex Move Mutation [fc=0.05, fv=0.05]",Best Replacement,500,1,19627,1218825,398
399,heur012_n_250_m_20035,15,Vertex Construction,"Tournament Selection [f=0.5, k=2]",Converge Combiner [f=0.5],"Vertex Move Mutation [fc=0.05, fv=0.05]",Best Replacement,500,1,19627,1218825,399
400,heur012_n_250_m_20035,15,Vertex Construction,"Tournament Selection [f=0.5, k=2]",Converge Combiner [f=0.5],"Vertex Move Mutation [fc=0.05, fv=0.05]",Best Replacement,500,1,19627,1218825,400
401,heur012_n_250_m_20035,15,Vertex Construction,"Tournament Selection [f=0.5, k=2]",Converge Combiner [f=0.5],"Vertex Move Mutation [fc=0.05, fv=0.05]",Best Replacement,500,1,19627,1218825,401
402,heur012_n_250_m_20035,15,Vertex Construction,"Tournament Selection [f=0.5, k=2]",Converge Combiner [f=0.5],"Vertex Move Mutation [fc=0.05, fv=0.05]",Best Replacement,500,1,19627,1218825,402
403,heur012_n_250_m_20035,15,Vertex Construction,"Tournament Selection [f=0.5, k=2]",Converge Combiner [f=0.5],"Vertex Move Mutation [fc=0.05, fv=0.05]",Best Replacement,500,1,19627,1218825,403
404,heur012_n_250_m_20035,15,Vertex Construction,"Tournament Selection [f=0.5, k=2]",Converge Combiner [f=0.5],"Vertex Move Mutation [fc=0.05, fv=0.05]",Best Replacement,500,1,19627,1218825,404
405,heur012_n_250_m_20035,15,Vertex Construction,"Tournament Selection [f=0.5, k=2]",Converge Combiner [f=0.5],"Vertex Move Mutation [fc=0.05, fv=0.05]",Best Replacement,500,1,19627,1218825,405
406,heur012_n_250_m_20035,15,Vertex Construction,"Tournament Selection [f=0.5, k=2]",Converge Combiner [f=0.5],"Vertex Move Mutation [fc=0.05, fv=0.05]",Best Replacement,500,1,19627,1218825,406
407,heur012_n_250_m_20035,15,Vertex Construction,"Tournament Selection [f=0.5, k=2]",Converge Combiner [f=0.5],"Vertex Move Mutation [fc=0.05, fv=0.05]",Best Replacement,500,1,19627,1218825,407
408,heur012_n_250_m_20035,15,Vertex Construction,"Tournament Selection [f=0.5, k=2]",Converge Combiner [f=0.5],"Vertex Move Mutation [fc=0.05, fv=0.05]",Best Replacement,500,1,19627,1218825,408
409,heur012_n_250_m_20035,15,Vertex Construction,"Tournament Selection [f=0.5, k=2]",Converge Combiner [f=0.5],"Vertex Move Mutation [fc=0.05, fv=0.05]",Best Replacement,500,1,19627,1218825,409
410,heur012_n_250_m_20035,15,Vertex Construction,"Tournament Selection [f=0.5, k=2]",Converge Combiner [f=0.5],"Vertex Move Mutation [fc=0.05, fv=0.05]",Best Replacement,500,1,19627,1218825,410
411,heur012_n_250_m_20035,15,Vertex Construction,"Tournament Selection [f=0.5, k=2]",Converge Combiner [f=0.5],"Vertex Move Mutation [fc=0.05, fv=0.05]",Best Replacement,500,1,19627,1218825,411
412,heur012_n_250_m_20035,15,Vertex Construction,"Tournament Selection [f=0.5, k=2]",Converge Combiner [f=0.5],"Vertex Move Mutation [fc=0.05, fv=0.05]",Best Replacement,500,1,19627,1218825,412
413,heur012_n_250_m_20035,15,Vertex Construction,"Tournament Selection [f=0.5, k=2]",Converge Combiner [f=0.5],"Vertex Move Mutation [fc=0.05, fv=0.05]",Best Replacement,500,1,19627,1218825,413
414,heur012_n_250_m_20035,15,Vertex Construction,"Tournament Selection [f=0.5, k=2]",Converge Combiner [f=0.5],"Vertex Move Mutation [fc=0.05, fv=0.05]",Best Replacement,500,1,19627,1218825,414
415,heur012_n_250_m_20035,15,Vertex Construction,"Tournament Selection [f=0.5, k=2]",Converge Combiner [f=0.5],"Vertex Move Mutation [fc=0.05, fv=0.05]",Best Replacement,500,1,19627,1218825,415
416,heur012_n_250_m_20035,15,Vertex Construction,"Tournament Selection [f=0.5, k=2]",Converge Combiner [f=0.5],"Vertex Move Mutation [fc=0.05, fv=0.05]",Best Replacement,500,1,19627,1218825,416
417,heur012_n_250_m_20035,15,Vertex Construction,"Tournament Selection [f=0.5, k=2]",Converge Combiner [f=0.5],"Vertex Move Mutation [fc=0.05, fv=0.05]",Best Replacement,500,1,19627,1218825,417
418,heur012_n_250_m_20035,15,Vertex Construction,"Tournament Selection [f=0.5, k=2]",Converge Combiner [f=0.5],"Vertex Move Mutation [fc=0.05, fv=0.05]",Best Replacement,500,1,19627,1218825,418
419,heur012_n_250_m_20035,15,Vertex Construction,"Tournament Selection [f=0.5, k=2]",Converge Combiner [f=0.5],"Vertex Move Mutation [fc=0.05, fv=0.05]",Best Replacement,500,1,19627,1218825,419
420,heur012_n_250_m_20035,15,Vertex Construction,"Tournament Selection [f=0.5, k=2]",Converge Combiner [f=0.5],"Vertex Move Mutation [fc=0.05, fv=0.05]",Best Replacement,500,1,19627,1218825,420
421,heur012_n_250_m_20035,15,Vertex Construction,"Tournament Selection [f=0.5, k=2]",Converge Combiner [f=0.5],"Vertex Move Mutation [fc=0.05, fv=0.05]",Best Replacement,500,1,19627,1218825,421
422,heur012_n_250_m_20035,15,Vertex Construction,"Tournament Selection [f=0.5, k=2]",Converge Combiner [f=0.5],"Vertex Move Mutation [fc=0.05, fv=0.05]",Best Replacement,500,1,19627,1218825,422
423,heur012_n_250_m_20035,15,Vertex Construction,"Tournament Selection [f=0.5, k=2]",Converge Combiner [f=0.5],"Vertex Move Mutation [fc=0.05, fv=0.05]",Best Replacement,500,1,19627,1218825,423
424,heur012_n_250_m_20035,15,Vertex Construction,"Tournament Selection [f=0.5, k=2]",Converge Combiner [f=0.5],"Vertex Move Mutation [fc=0.05, fv=0.05]",Best Replacement,500,1,19627,1218825,424
425,heur012_n_250_m_20035,15,Vertex Construction,"Tournament Selection [f=0.5, k=2]",Converge Combiner [f=0.5],"Vertex Move Mutation [fc=0.05, fv=0.05]",Best Replacement,500,1,19627,1218825,425
426,heur012_n_250_m_20035,15,Vertex Construction,"Tournament Selection [f=0.5, k=2]",Converge Combiner [f=0.5],"Vertex Move Mutation [fc=0.05, fv=0.05]",Best Replacement,500,1,19627,1218825,426
427,heur012_n_250_m_20035,15,Vertex Construction,"Tournament Selection [f=0.5, k=2]",Converge Combiner [f=0.5],"Vertex Move Mutation [fc=0.05, fv=0.05]",Best Replacement,500,1,19627,1218825,427
428,heur012_n_250_m_20035,15,Vertex Construction,"Tournament Selection [f=0.5, k=2]",Converge Combiner [f=0.5],"Vertex Move Mutation [fc=0.05, fv=0.05]",Best Replacement,500,1,19627,1218825,428
429,heur012_n_250_m_20035,15,Vertex Construction,"Tournament Selection [f=0.5, k=2]",Converge Combiner [f=0.5],"Vertex Move Mutation [fc=0.05, fv=0.05]",Best Replacement,500,1,19627,1218825,429
430,heur012_n_250_m_20035,15,Vertex Construction,"Tournament Selection [f=0.5, k=2]",Converge Combiner [f=0.5],"Vertex Move Mutation [fc=0.05, fv=0.05]",Best Replacement,500,1,19627,1218825,430
431,heur012_n_250_m_20035,15,Vertex Construction,"Tournament Selection [f=0.5, k=2]",Converge Combiner [f=0.5],"Vertex Move Mutation [fc=0.05, fv=0.05]",Best Replacement,500,1,19627,1218825,431
432,heur012_n_250_m_20035,15,Vertex Construction,"Tournament Selection [f=0.5, k=2]",Converge Combiner [f=0.5],"Vertex Move Mutation [fc=0.05, fv=0.05]",Best Replacement,500,1,19627,1218825,432
433,heur012_n_250_m_20035,15,Vertex Construction,"Tournament Selection [f=0.5, k=2]",Converge Combiner [f=0.5],"Vertex Move Mutation [fc=0.05, fv=0.05]",Best Replacement,500,1,19627,1218825,433
434,heur012_n_250_m_20035,15,Vertex Construction,"Tournament Selection [f=0.5, k=2]",Converge Combiner [f=0.5],"Vertex Move Mutation [fc=0.05, fv=0.05]",Best Replacement,500,1,19627,1218825,434
435,heur012_n_250_m_20035,15,Vertex Construction,"Tournament Selection [f=0.5, k=2]",Converge Combiner [f=0.5],"Vertex Move Mutation [fc=0.05, fv=0.05]",Best Replacement,500,1,19627,1218825,435
436,heur012_n_250_m_20035,15,Vertex Construction,"Tournament Selection [f=0.5, k=2]",Converge Combiner [f=0.5],"Vertex Move Mutation [fc=0.05, fv=0.05]",Best Replacement,500,1,19627,1218825,436
437,heur012_n_250_m_20035,15,Vertex Construction,"Tournament Selection [f=0.5, k=2]",Converge Combiner [f=0.5],"Vertex Move Mutation [fc=0.05, fv=0.05]",Best Replacement,500,1,19627,1218825,437
438,heur012_n_250_m_20035,15,Vertex Construction,"Tournament Selection [f=0.5, k=2]",Converge Combiner [f=0.5],"Vertex Move Mutation [fc=0.05, fv=0.05]",Best Replacement,500,1,19627,1218825,438
439,heur012_n_250_m_20035,15,Vertex Construction,"Tournament Selection [f=0.5, k=2]",Converge Combiner [f=0.5],"Vertex Move Mutation [fc=0.05, fv=0.05]",Best Replacement,500,1,19627,1218825,439
440,heur012_n_250_m_20035,15,Vertex Construction,"Tournament Selection [f=0.5, k=2]",Converge Combiner [f=0.5],"Vertex Move Mutation [fc=0.05, fv=0.05]",Best Replacement,500,1,19627,1218825,440
441,heur012_n_250_m_20035,15,Vertex Construction,"Tournament Selection [f=0.5, k=2]",Converge Combiner [f=0.5],"Vertex Move Mutation [fc=0.05, fv=0.05]",Best Replacement,500,1,19627,1218825,441
442,heur012_n_250_m_20035,15,Vertex Construction,"Tournament Selection [f=0.5, k=2]",Converge Combiner [f=0.5],"Vertex Move Mutation [fc=0.05, fv=0.05]",Best Replacement,500,1,19627,1218825,442
443,heur012_n_250_m_20035,15,Vertex Construction,"Tournament Selection [f=0.5, k=2]",Converge Combiner [f=0.5],"Vertex Move Mutation [fc=0.05, fv=0.05]",Best Replacement,500,1,19627,1218825,443
444,heur012_n_250_m_20035,15,Vertex Construction,"Tournament Selection [f=0.5, k=2]",Converge Combiner [f=0.5],"Vertex Move Mutation [fc=0.05, fv=0.05]",Best Replacement,500,1,19627,1218825,444
445,heur012_n_250_m_20035,15,Vertex Construction,"Tournament Selection [f=0.5, k=2]",Converge Combiner [f=0.5],"Vertex Move Mutation [fc=0.05, fv=0.05]",Best Replacement,500,1,19627,1218825,445
446,heur012_n_250_m_20035,15,Vertex Construction,"Tournament Selection [f=0.5, k=2]",Converge Combiner [f=0.5],"Vertex Move Mutation [fc=0.05, fv=0.05]",Best Replacement,500,1,19627,1218825,446
447,heur012_n_250_m_20035,15,Vertex Construction,"Tournament Selection [f=0.5, k=2]",Converge Combiner [f=0.5],"Vertex Move Mutation [fc=0.05, fv=0.05]",Best Replacement,500,1,19627,1218825,447
448,heur012_n_250_m_20035,15,Vertex Construction,"Tournament Selection [f=0.5, k=2]",Converge Combiner [f=0.5],"Vertex Move Mutation [fc=0.05, fv=0.05]",Best Replacement,500,1,19627,1218825,448
449,heur012_n_250_m_20035,15,Vertex Construction,"Tournament Selection [f=0.5, k=2]",Converge Combiner [f=0.5],"Vertex Move Mutation [fc=0.05, fv=0.05]",Best Replacement,500,1,19627,1218825,449
450,heur012_n_250_m_20035,15,Vertex Construction,"Tournament Selection [f=0.5, k=2]",Converge Combiner [f=0.5],"Vertex Move Mutation [fc=0.05, fv=0.05]",Best Replacement,500,1,19627,1218825,450
451,heur012_n_250_m_20035,15,Vertex Construction,"Tournament Selection [f=0.5, k=2]",Converge Combiner [f=0.5],"Vertex Move Mutation [fc=0.05, fv=0.05]",Best Replacement,500,1,19627,1218825,451
452,heur012_n_250_m_20035,15,Vertex Construction,"Tournament Selection [f=0.5, k=2]",Converge Combiner [f=0.5],"Vertex Move Mutation [fc=0.05, fv=0.05]",Best Replacement,500,1,19627,1218825,452
453,heur012_n_250_m_20035,15,Vertex Construction,"Tournament Selection [f=0.5, k=2]",Converge Combiner [f=0.5],"Vertex Move Mutation [fc=0.05, fv=0.05]",Best Replacement,500,1,19627,1218825,453
454,heur012_n_250_m_20035,15,Vertex Construction,"Tournament Selection [f=0.5, k=2]",Converge Combiner [f=0.5],"Vertex Move Mutation [fc=0.05, fv=0.05]",Best Replacement,500,1,19627,1218825,454
455,heur012_n_250_m_20035,15,Vertex Construction,"Tournament Selection [f=0.5, k=2]",Converge Combiner [f=0.5],"Vertex Move Mutation [fc=0.05, fv=0.05]",Best Replacement,500,1,19627,1218825,455
456,heur012_n_250_m_20035,15,Vertex Construction,"Tournament Selection [f=0.5, k=2]",Converge Combiner [f=0.5],"Vertex Move Mutation [fc=0.05, fv=0.05]",Best Replacement,500,1,19627,1218825,456
457,heur012_n_250_m_20035,15,Vertex Construction,"Tournament Selection [f=0.5, k=2]",Converge Combiner [f=0.5],"Vertex Move Mutation [fc=0.05, fv=0.05]",Best Replacement,500,1,19627,1218825,457
458,heur012_n_250_m_20035,15,Vertex Construction,"Tournament Selection [f=0.5, k=2]",Converge Combiner [f=0.5],"Vertex Move Mutation [fc=0.05, fv=0.05]",Best Replacement,500,1,19627,1218825,458
459,heur012_n_250_m_20035,15,Vertex Construction,"Tournament Selection [f=0.5, k=2]",Converge Combiner [f=0.5],"Vertex Move Mutation [fc=0.05, fv=0.05]",Best Replacement,500,1,19627,1218825,459
460,heur012_n_250_m_20035,15,Vertex Construction,"Tournament Selection [f=0.5, k=2]",Converge Combiner [f=0.5],"Vertex Move Mutation [fc=0.05, fv=0.05]",Best Replacement,500,1,19627,1218825,460
461,heur012_n_250_m_20035,15,Vertex Construction,"Tournament Selection [f=0.5, k=2]",Converge Combiner [f=0.5],"Vertex Move Mutation [fc=0.05, fv=0.05]",Best Replacement,500,1,19627,1218825,461
462,heur012_n_250_m_20035,15,Vertex Construction,"Tournament Selection [f=0.5, k=2]",Converge Combiner [f=0.5],"Vertex Move Mutation [fc=0.05, fv=0.05]",Best Replacement,500,1,19627,1218825,462
463,heur012_n_250_m_20035,15,Vertex Construction,"Tournament Selection [f=0.5, k=2]",Converge Combiner [f=0.5],"Vertex Move Mutation [fc=0.05, fv=0.05]",Best Replacement,500,1,19627,1218825,463
464,heur012_n_250_m_20035,15,Vertex Construction,"Tournament Selection [f=0.5, k=2]",Converge Combiner [f=0.5],"Vertex Move Mutation [fc=0.05, fv=0.05]",Best Replacement,500,1,19627,1218825,464
465,heur012_n_250_m_20035,15,Vertex Construction,"Tournament Selection [f=0.5, k=2]",Converge Combiner [f=0.5],"Vertex Move Mutation [fc=0.05, fv=0.05]",Best Replacement,500,1,19627,1218825,465
466,heur012_n_250_m_20035,15,Vertex Construction,"Tournament Selection [f=0.5, k=2]",Converge Combiner [f=0.5],"Vertex Move Mutation [fc=0.05, fv=0.05]",Best Replacement,500,1,19627,1218825,466
467,heur012_n_250_m_20035,15,Vertex Construction,"Tournament Selection [f=0.5, k=2]",Converge Combiner [f=0.5],"Vertex Move Mutation [fc=0.05, fv=0.05]",Best Replacement,500,1,19627,1218825,467
468,heur012_n_250_m_20035,15,Vertex Construction,"Tournament Selection [f=0.5, k=2]",Converge Combiner [f=0.5],"Vertex Move Mutation [fc=0.05, fv=0.05]",Best Replacement,500,1,19627,1218825,468
469,heur012_n_250_m_20035,15,Vertex Construction,"Tournament Selection [f=0.5, k=2]",Converge Combiner [f=0.5],"Vertex Move Mutation [fc=0.05, fv=0.05]",Best Replacement,500,1,19627,1218825,469
470,heur012_n_250_m_20035,15,Vertex Construction,"Tournament Selection [f=0.5, k=2]",Converge Combiner [f=0.5],"Vertex Move Mutation [fc=0.05, fv=0.05]",Best Replacement,500,1,19627,1218825,470
471,heur012_n_250_m_20035,15,Vertex Construction,"Tournament Selection [f=0.5, k=2]",Converge Combiner [f=0.5],"Vertex Move Mutation [fc=0.05, fv=0.05]",Best Replacement,500,1,19627,1218825,471
472,heur012_n_250_m_20035,15,Vertex Construction,"Tournament Selection [f=0.5, k=2]",Converge Combiner [f=0.5],"Vertex Move Mutation [fc=0.05, fv=0.05]",Best Replacement,500,1,19627,1218825,472
473,heur012_n_250_m_20035,15,Vertex Construction,"Tournament Selection [f=0.5, k=2]",Converge Combiner [f=0.5],"Vertex Move Mutation [fc=0.05, fv=0.05]",Best Replacement,500,1,19627,1218825,473
474,heur012_n_250_m_20035,15,Vertex Construction,"Tournament Selection [f=0.5, k=2]",Converge Combiner [f=0.5],"Vertex Move Mutation [fc=0.05, fv=0.05]",Best Replacement,500,1,19627,1218825,474
475,heur012_n_250_m_20035,15,Vertex Construction,"Tournament Selection [f=0.5, k=2]",Converge Combiner [f=0.5],"Vertex Move Mutation [fc=0.05, fv=0.05]",Best Replacement,500,1,19627,1218825,475
476,heur012_n_250_m_20035,15,Vertex Construction,"Tournament Selection [f=0.5, k=2]",Converge Combiner [f=0.5],"Vertex Move Mutation [fc=0.05, fv=0.05]",Best Replacement,500,1,19627,1218825,476
477,heur012_n_250_m_20035,15,Vertex Construction,"Tournament Selection [f=0.5, k=2]",Converge Combiner [f=0.5],"Vertex Move Mutation [fc=0.05, fv=0.05]",Best Replacement,500,1,19627,1218825,477
478,heur012_n_250_m_20035,15,Vertex Construction,"Tournament Selection [f=0.5, k=2]",Converge Combiner [f=0.5],"Vertex Move Mutation [fc=0.05, fv=0.05]",Best Replacement,500,1,19627,1218825,478
479,heur012_n_250_m_20035,15,Vertex Construction,"Tournament Selection [f=0.5, k=2]",Converge Combiner [f=0.5],"Vertex Move Mutation [fc=0.05, fv=0.05]",Best Replacement,500,1,19627,1218825,479
480,heur012_n_250_m_20035,15,Vertex Construction,"Tournament Selection [f=0.5, k=2]",Converge Combiner [f=0.5],"Vertex Move Mutation [fc=0.05, fv=0.05]",Best Replacement,500,1,19627,1218825,480
481,heur012_n_250_m_20035,15,Vertex Construction,"Tournament Selection [f=0.5, k=2]",Converge Combiner [f=0.5],"Vertex Move Mutation [fc=0.05, fv=0.05]",Best Replacement,500,1,19627,1218825,481
482,heur012_n_250_m_20035,15,Vertex Construction,"Tournament Selection [f=0.5, k=2]",Converge Combiner [f=0.5],"Vertex Move Mutation [fc=0.05, fv=0.05]",Best Replacement,500,1,19627,1218825,482
483,heur012_n_250_m_20035,15,Vertex Construction,"Tournament Selection [f=0.5, k=2]",Converge Combiner [f=0.5],"Vertex Move Mutation [fc=0.05, fv=0.05]",Best Replacement,500,1,19627,1218825,483
484,heur012_n_250_m_20035,15,Vertex Construction,"Tournament Selection [f=0.5, k=2]",Converge Combiner [f=0.5],"Vertex Move Mutation [fc=0.05, fv=0.05]",Best Replacement,500,1,19627,1218825,484
485,heur012_n_250_m_20035,15,Vertex Construction,"Tournament Selection [f=0.5, k=2]",Converge Combiner [f=0.5],"Vertex Move Mutation [fc=0.05, fv=0.05]",Best Replacement,500,1,19627,1218825,485
486,heur012_n_250_m_20035,15,Vertex Construction,"Tournament Selection [f=0.5, k=2]",Converge Combiner [f=0.5],"Vertex Move Mutation [fc=0.05, fv=0.05]",Best Replacement,500,1,19627,1218825,486
487,heur012_n_250_m_20035,15,Vertex Construction,"Tournament Selection [f=0.5, k=2]",Converge Combiner [f=0.5],"Vertex Move Mutation [fc=0.05, fv=0.05]",Best Replacement,500,1,19627,1218825,487
488,heur012_n_250_m_20035,15,Vertex Construction,"Tournament Selection [f=0.5, k=2]",Converge Combiner [f=0.5],"Vertex Move Mutation [fc=0.05, fv=0.05]",Best Replacement,500,1,19627,1218825,488
489,heur012_n_250_m_20035,15,Vertex Construction,"Tournament Selection [f=0.5, k=2]",Converge Combiner [f=0.5],"Vertex Move Mutation [fc=0.05, fv=0.05]",Best Replacement,500,1,19627,1218825,489
490,heur012_n_250_m_20035,15,Vertex Construction,"Tournament Selection [f=0.5, k=2]",Converge Combiner [f=0.5],"Vertex Move Mutation [fc=0.05, fv=0.05]",Best Replacement,500,1,19627,1218825,490
491,heur012_n_250_m_20035,15,Vertex Construction,"Tournament Selection [f=0.5, k=2]",Converge Combiner [f=0.5],"Vertex Move Mutation [fc=0.05, fv=0.05]",Best Replacement,500,1,19627,1218825,491
492,heur012_n_250_m_20035,15,Vertex Construction,"Tournament Selection [f=0.5, k=2]",Converge Combiner [f=0.5],"Vertex Move Mutation [fc=0.05, fv=0.05]",Best Replacement,500,1,19627,1218825,492
493,heur012_n_250_m_20035,15,Vertex Construction,"Tournament Selection [f=0.5, k=2]",Converge Combiner [f=0.5],"Vertex Move Mutation [fc=0.05, fv=0.05]",Best Replacement,500,1,19627,1218825,493
494,heur012_n_250_m_20035,15,Vertex Construction,"Tournament Selection [f=0.5, k=2]",Converge Combiner [f=0.5],"Vertex Move Mutation [fc=0.05, fv=0.05]",Best Replacement,500,1,19627,1218825,494
495,heur012_n_250_m_20035,15,Vertex Construction,"Tournament Selection [f=0.5, k=2]",Converge Combiner [f=0.5],"Vertex Move Mutation [fc=0.05, fv=0.05]",Best Replacement,500,1,19627,1218825,495
496,heur012_n_250_m_20035,15,Vertex Construction,"Tournament Selection [f=0.5, k=2]",Converge Combiner [f=0.5],"Vertex Move Mutation [fc=0.05, fv=0.05]",Best Replacement,500,1,19627,1218825,496
497,heur012_n_250_m_20035,15,Vertex Construction,"Tournament Selection [f=0.5, k=2]",Converge Combiner [f=0.5],"Vertex Move Mutation [fc=0.05, fv=0.05]",Best Replacement,500,1,19627,1218825,497
498,heur012_n_250_m_20035,15,Vertex Construction,"Tournament Selection [f=0.5, k=2]",Converge Combiner [f=0.5],"Vertex Move Mutation [fc=0.05, fv=0.05]",Best Replacement,500,1,19627,1218825,498
499,heur012_n_250_m_20035,15,Vertex Construction,"Tournament Selection [f=0.5, k=2]",Converge Combiner [f=0.5],"Vertex Move Mutation [fc=0.05, fv=0.05]",Best Replacement,500,1,19627,1218825,499
500,heur012_n_250_m_20035,15,Vertex Construction,"Tournament Selection [f=0.5, k=2]",Converge Combiner [f=0.5],"Vertex Move Mutation [fc=0.05, fv=0.05]",Best Replacement,500,1,19627,1218825,500
